label,row,col,background,mean_gfp,mean_excess,auc,area_um2,gfp_positive
1,1781.171,222.032,5683.0,10042.907,4359.908,912322.312,209.253,True
2,1107.629,884.788,5085.0,5380.199,295.199,63642.066,215.59,False
3,1810.229,1060.103,2771.0,2670.669,-100.331,-27660.75,275.694,False
4,2490.238,2624.045,12362.0,14164.145,1802.144,266694.562,147.987,False
5,667.743,691.127,7810.5,7354.34,-456.159,-113184.297,248.124,False
6,266.556,670.55,4073.0,2478.863,-1594.137,-295521.562,185.38,False
7,2547.837,425.814,2893.5,3203.024,309.524,64932.121,209.781,False
8,801.783,952.302,1932.5,2150.877,218.377,35154.234,160.98,False
9,2072.908,233.535,2413.0,2154.501,-258.499,-69382.414,268.405,False
10,641.446,1899.22,6329.0,6458.917,129.918,27501.248,211.682,False
11,1980.163,279.262,2494.5,3380.703,886.203,216518.562,244.322,False
12,384.003,1721.638,5494.0,8076.751,2582.751,429684.438,166.367,False
13,1450.126,769.379,3550.0,4014.405,464.405,103113.711,222.034,False
14,478.94,82.617,2102.5,2063.182,-39.318,-8846.285,224.991,False
15,1638.541,1801.128,8161.0,10450.738,2289.738,530651.0,231.752,True
16,141.121,1153.091,1832.5,1680.653,-151.847,-21573.252,142.072,False
17,2486.587,1890.119,8890.0,10374.686,1484.686,322436.469,217.175,False
18,545.979,456.307,4111.0,5596.634,1485.634,353714.0,238.09,False
19,2812.64,536.913,2265.0,4055.812,1790.812,336899.625,188.127,False
20,959.943,402.598,5986.0,7602.615,1616.615,380971.656,235.66,False
21,3027.165,462.201,2234.5,1673.767,-560.733,-100335.75,178.937,False
22,120.601,2137.985,6075.0,6848.508,773.508,128849.562,166.578,False
23,2266.011,182.539,6539.0,6302.879,-236.121,-42350.582,179.359,False
24,575.479,723.182,6875.0,6384.762,-490.238,-87773.406,179.043,False
25,556.308,1419.322,3799.0,5029.189,1230.189,199075.219,161.825,False
26,3000.6,1597.832,6616.0,7445.744,829.744,199218.766,240.097,False
27,2849.749,351.433,2182.0,2756.704,574.704,88934.07,154.748,False
28,1216.314,1205.552,3651.0,5927.271,2276.271,421735.469,185.275,False
29,2213.806,750.828,2624.0,4373.694,1749.694,278523.531,159.184,False
30,1129.824,1627.879,6418.0,8372.835,1954.834,416694.281,213.161,False
31,851.238,479.702,6975.0,6671.702,-303.298,-72148.008,237.878,False
32,1603.621,2836.088,4606.0,9177.206,4571.206,818923.062,179.148,True
33,742.356,2624.492,3807.0,3727.302,-79.698,-14058.905,176.402,False
34,1617.489,1106.356,4130.5,4997.068,866.568,201927.125,233.019,False
35,253.093,1145.73,2664.5,3701.874,1037.374,209074.031,201.542,False
36,978.665,64.624,9089.0,9559.929,470.929,76556.156,162.564,False
37,2671.183,1111.389,3799.0,3442.938,-356.062,-60703.762,170.487,False
38,1712.332,841.637,2521.0,2084.989,-436.011,-109152.25,250.343,False
39,455.773,641.597,3508.5,3543.75,35.25,6110.104,173.339,False
40,527.103,1775.092,5011.0,4781.783,-229.218,-32056.957,139.854,False
41,1567.605,2486.22,6573.0,9187.85,2614.85,691067.688,264.286,True
42,1651.357,94.366,9324.0,10583.239,1259.239,307127.438,243.899,False
43,217.547,1620.782,2739.0,3491.179,752.179,162877.688,216.541,False
44,2497.938,1480.571,3994.5,6491.616,2497.116,365585.094,146.403,False
45,3053.428,165.509,,,,,156.332,False
46,1912.893,1348.565,4435.0,4383.084,-51.916,-12404.531,238.935,False
47,1393.483,1064.38,13006.0,13511.771,505.771,110268.227,218.02,False
48,1887.615,290.448,3143.0,3698.654,555.654,90036.0,162.036,False
49,1686.755,2983.41,5387.5,8365.083,2977.583,610486.25,205.027,True
50,3020.331,122.183,1381.5,1206.845,-174.655,-37967.473,217.386,False
51,237.859,325.741,2958.0,3334.54,376.54,91639.039,243.371,False
52,1274.452,374.534,4471.0,4474.173,3.173,713.318,224.78,False
53,1873.513,2772.101,6679.0,9678.286,2999.286,742612.0,247.596,True
54,1111.821,1553.598,6996.0,5238.758,-1757.242,-364923.219,207.668,False
55,557.559,975.558,2858.0,2167.229,-690.771,-156657.984,226.787,False
56,323.363,730.936,1996.5,1687.515,-308.985,-56953.32,184.324,False
57,381.435,2027.628,5271.0,4093.122,-1177.878,-193222.797,164.043,False
58,2863.764,509.239,2259.0,1751.224,-507.776,-75251.734,148.199,False
59,1072.487,2360.861,4474.0,3515.063,-958.937,-185668.797,193.619,False
60,1513.79,3013.448,5769.0,10530.978,4761.977,997462.312,209.464,True
61,534.149,1854.201,4742.0,6838.425,2096.425,437796.781,208.83,False
62,363.946,914.857,2798.0,6609.805,3811.805,659927.438,173.127,True
63,380.093,2084.29,6921.0,7972.091,1051.091,188189.969,179.043,False
64,500.099,1176.255,6178.0,5846.888,-331.112,-69985.555,211.365,False
65,491.283,204.843,2923.0,2601.28,-321.72,-56819.965,176.613,False
66,1022.948,2192.975,4387.0,4714.294,327.294,75989.242,232.174,False
67,1886.616,971.306,2702.0,4158.251,1456.251,373022.062,256.152,False
68,3010.069,2974.904,1742.0,2538.708,796.708,153584.891,192.774,False
69,2181.908,975.079,3900.5,3810.943,-89.557,-19610.438,218.971,False
70,1187.674,234.564,4742.0,4029.103,-712.897,-99324.875,139.326,False
71,990.105,895.685,6000.5,4830.159,-1170.341,-237603.266,203.02,False
72,824.023,990.24,2439.0,1957.764,-481.236,-87839.211,182.528,False
73,2839.451,2675.621,4698.0,5915.178,1217.178,187584.062,154.114,False
74,798.393,689.731,5594.0,6260.553,666.553,112722.953,169.113,False
75,881.583,1316.391,2280.0,1984.552,-295.448,-59607.43,201.753,False
76,503.901,2020.636,8487.0,9511.035,1024.035,244461.188,238.723,False
77,1086.993,297.66,4319.0,3495.216,-823.784,-179166.219,217.492,False
78,2984.282,180.052,1561.0,1564.075,3.075,552.233,179.571,False
79,1661.314,2943.703,7908.0,10754.834,2846.834,504892.969,177.352,True
80,2674.098,396.696,2940.0,4959.026,2019.026,372368.312,184.43,False
81,2515.029,1257.348,3611.0,4099.42,488.421,94928.875,194.359,False
82,2119.147,1126.761,3974.0,5278.99,1304.99,292233.094,223.935,False
83,432.132,2380.486,7219.0,5729.523,-1489.477,-200442.484,134.572,False
84,351.194,1030.605,1732.5,1721.557,-10.943,-1815.935,165.944,False
85,40.624,742.602,2310.0,4596.31,2286.31,445330.625,194.781,False
86,1656.001,530.053,2947.0,4028.625,1081.624,263121.844,243.265,False
87,627.078,2511.481,3941.5,5384.903,1443.403,233425.984,161.719,False
88,2510.885,1127.492,3605.0,4758.734,1153.734,253852.625,220.027,False
89,1410.26,1737.172,5003.0,5590.926,587.926,140537.922,239.04,False
90,789.615,1696.58,6489.0,5981.325,-507.675,-180611.031,355.761,False
91,270.268,1594.979,3810.0,5182.91,1372.909,297871.406,216.964,False
92,1589.248,1930.548,7849.0,7905.636,56.636,13675.997,241.47,False
93,2485.739,2794.425,9276.5,14740.778,5464.278,1092044.75,199.852,True
94,2744.602,2561.417,7719.0,7705.013,-13.987,-3652.256,261.117,False
95,1247.33,764.381,4825.5,3752.021,-1073.479,-241977.297,225.414,False
96,73.65,781.842,2480.0,1867.194,-612.806,-106676.07,174.078,False
97,2768.955,1163.029,4103.0,7280.164,3177.164,576566.375,181.472,True
98,2356.382,2826.163,9557.0,11394.85,1837.849,394087.188,214.429,False
99,1166.853,310.833,3881.0,5116.439,1235.439,246251.922,199.323,False
100,1635.876,2609.283,6684.0,6597.555,-86.445,-21896.637,253.3,False
101,1139.687,2581.395,3505.5,5759.692,2254.192,388595.375,172.388,False
102,2541.315,119.715,4370.0,6012.943,1642.943,294850.938,179.465,False
103,638.748,2953.224,1925.0,3287.243,1362.243,311241.5,228.477,False
104,1158.194,1188.354,4437.0,8002.895,3565.895,656903.312,184.218,True
105,381.276,2608.172,5116.0,4134.513,-981.487,-158932.625,161.931,False
106,1380.561,194.799,4148.0,5393.055,1245.055,272104.281,218.548,False
107,1188.908,2813.66,5560.0,6079.02,519.02,81029.789,156.121,False
108,642.061,126.136,2795.0,6882.138,4087.138,935113.25,228.794,True
109,725.016,586.9,6374.5,5608.433,-766.067,-149943.891,195.732,False
110,1800.545,1689.511,9433.0,8706.787,-726.213,-218009.047,300.2,False
111,3031.399,1934.966,13228.5,15693.029,2464.529,568295.5,230.59,True
112,901.891,1600.705,3773.0,3040.743,-732.257,-120276.336,164.254,False
113,2048.744,68.059,2216.0,2405.252,189.252,31665.176,167.318,False
114,591.172,2978.802,2174.0,1976.162,-197.838,-43508.707,219.921,False
115,452.878,1379.17,8628.0,10686.524,2058.524,298547.219,145.03,False
116,53.061,1494.837,2594.0,2320.169,-273.831,-45469.617,166.05,False
117,2316.231,2698.09,8686.0,11558.567,2872.568,1039243.5,361.782,True
118,1317.741,244.775,4780.5,4484.624,-295.876,-63350.473,214.112,False
119,520.893,945.419,2471.5,4383.346,1911.846,306758.938,160.452,False
120,1219.505,81.113,4378.0,4746.629,368.63,76942.023,208.725,False
121,2814.281,2862.307,4086.0,3891.688,-194.313,-38813.145,199.746,False
122,758.864,1969.786,5702.0,7984.648,2282.648,469693.406,205.767,True
123,2668.138,589.347,3614.0,4057.793,443.793,73457.508,165.522,False
124,2701.743,2114.27,6499.0,7184.11,685.11,110071.859,160.663,False
125,2138.309,1472.527,6053.5,8888.497,2834.997,643839.375,227.104,True
126,2348.029,369.618,3205.0,4706.811,1501.811,314892.5,209.675,False
127,136.983,2069.913,6494.0,5514.832,-979.168,-278638.562,284.567,False
128,1125.821,1138.763,7148.0,8440.082,1292.082,258497.688,200.063,False
129,1283.29,2795.5,6953.0,8748.402,1795.402,279161.844,155.487,False
130,2406.996,1464.949,5355.0,5154.241,-200.759,-45847.562,228.372,False
131,1792.069,972.478,2544.5,2475.027,-69.473,-13568.729,195.31,False
132,485.799,1587.043,2676.0,5131.913,2455.913,382900.344,155.91,False
133,2663.042,1670.624,6729.0,5937.189,-791.811,-171710.547,216.858,False
134,1231.175,1154.034,4280.0,3643.776,-636.224,-90792.836,142.706,False
135,2044.054,1139.04,5675.0,5135.994,-539.007,-104476.016,193.831,False
136,779.522,1173.339,1532.0,1634.57,102.57,21365.529,208.302,False
137,3043.233,1332.056,,,,,191.824,False
138,117.426,1426.784,2130.0,1696.056,-433.944,-80032.117,184.43,False
139,1573.856,2223.396,7979.0,9236.612,1257.612,242833.953,193.091,False
140,2687.643,2614.963,8114.5,7422.563,-691.937,-135945.781,196.471,False
141,111.618,195.069,2182.0,2175.892,-6.108,-1219.391,199.64,False
142,1795.314,2052.868,7905.0,7281.592,-623.408,-125840.281,201.859,False
143,170.461,2675.377,7348.5,7688.262,339.761,78955.641,232.386,False
144,2783.812,2140.68,6933.0,7796.765,863.765,157205.359,182.0,False
145,634.045,861.883,3654.0,5730.514,2076.514,418723.438,201.647,False
146,2156.136,59.133,4151.0,5903.627,1752.627,351561.25,200.591,False
147,2282.766,2391.43,11469.0,15147.865,3678.865,1025121.062,278.651,True
148,1853.618,1703.523,8638.0,9944.869,1306.869,274432.062,209.992,False
149,1959.949,2277.179,14775.0,18931.385,4156.386,994421.625,239.252,True
150,756.219,761.529,5721.0,6334.553,613.553,125017.523,203.76,False
151,376.932,1591.671,3727.0,3637.849,-89.151,-20152.371,226.048,False
152,993.413,1287.558,2467.0,3198.464,731.464,153678.797,210.098,False
153,527.955,2419.477,5068.0,5152.936,84.936,16714.439,196.788,False
154,718.352,419.627,5263.0,6977.161,1714.161,313426.031,182.845,False
155,948.999,1310.847,2348.0,2351.903,3.903,700.009,179.359,False
156,1679.25,678.432,2135.0,1668.185,-466.815,-95907.219,205.45,False
157,506.821,3048.654,,,,,199.535,False
158,1087.491,2944.938,3180.0,2911.504,-268.496,-52241.23,194.57,False
159,2347.161,33.895,,,,,191.612,False
160,3045.614,214.854,,,,,164.043,False
161,2278.994,76.361,5818.5,7231.467,1412.967,348502.062,246.646,False
162,1492.314,1476.271,4798.5,5540.137,741.637,168820.469,227.632,False
163,2774.461,1987.457,8011.0,10999.534,2988.534,613047.312,205.133,True
164,233.001,2934.585,12567.5,13533.726,966.226,164932.609,170.698,False
165,487.664,795.372,4341.0,5507.778,1166.778,168108.25,144.079,False
166,1201.837,371.795,3975.0,3434.827,-540.173,-116056.633,214.851,False
167,414.01,2562.954,8248.0,9811.616,1563.616,256665.547,164.149,False
168,858.323,2649.698,12608.0,12805.776,197.776,36726.43,185.697,False
169,158.104,705.399,2691.0,2636.534,-54.466,-9251.27,169.853,False
170,2967.822,2256.196,7647.5,8975.288,1327.788,293411.312,220.978,False
171,679.27,2462.656,4465.5,6727.036,2261.536,516709.594,228.477,True
172,1204.759,1295.419,3656.5,4794.507,1138.007,180912.234,158.973,False
173,1300.971,570.598,2659.0,2869.041,210.041,34810.727,165.733,False
174,1339.804,2632.107,3870.0,4322.173,452.173,104553.016,231.224,False
175,2035.001,2082.361,9196.0,11044.838,1848.838,348987.594,188.76,False
176,1144.188,2324.476,4586.0,6890.759,2304.759,389278.594,168.902,False
177,2473.493,278.766,3380.0,4617.944,1237.944,224259.906,181.155,False
178,421.142,67.898,2233.0,4674.502,2441.502,535648.75,219.393,True
179,1455.915,926.898,7960.0,7761.283,-198.717,-38664.418,194.57,False
180,1194.508,2751.503,3083.0,2946.216,-136.784,-10590.762,77.427,False
181,2640.036,2923.172,5472.0,8580.584,3108.583,753584.062,242.42,True
182,751.946,1104.678,1586.0,1653.581,67.581,12720.998,188.232,False
183,2634.854,1543.77,4606.5,5271.039,664.539,125649.195,189.077,False
184,2226.662,2187.69,9812.0,9693.25,-118.75,-21612.598,182.0,False
185,1351.588,1139.773,6696.0,6525.914,-170.086,-39166.16,230.273,False
186,1347.015,1778.713,4297.0,7524.981,3227.981,798895.062,247.491,True
187,1857.101,1801.301,7785.0,12865.219,5080.218,1182179.25,232.702,True
188,2926.383,2353.9,6918.0,11353.868,4435.869,884172.625,199.323,True
189,2219.236,1205.733,5224.0,5272.042,48.042,9104.022,189.5,False
190,257.413,728.173,2264.0,3039.328,775.328,171985.297,221.823,False
191,414.474,333.631,3902.5,6889.747,2987.247,684095.812,229.005,True
192,496.691,1386.865,7319.0,7138.837,-180.163,-32618.379,181.049,False
193,2411.626,972.932,3757.0,4378.846,621.846,137019.922,220.344,False
194,197.582,1548.152,2790.0,3548.987,758.987,150081.266,197.739,False
195,1514.605,785.89,2699.0,3165.483,466.483,107122.781,229.639,False
196,1976.717,218.547,2555.0,4120.809,1565.809,366517.688,234.076,False
197,1188.045,2990.511,2871.0,3481.204,610.204,97134.852,159.184,False
198,1739.148,1061.827,3356.0,2491.524,-864.476,-119713.219,138.481,False
199,212.06,2320.416,7402.5,14564.671,7162.17,1352691.25,188.866,True
200,1261.797,3028.256,4270.0,4407.498,137.498,23732.061,172.599,False
201,2364.493,644.396,2695.0,3593.8,898.8,197570.312,219.816,False
202,320.555,1958.977,5421.0,8868.178,3447.177,696570.5,202.07,True
203,501.243,2103.699,6251.0,9446.566,3195.566,612985.438,191.824,True
204,2992.89,2811.559,2380.5,2472.488,91.988,10377.39,112.813,False
205,1607.165,312.258,9755.0,8985.696,-769.303,-156428.141,203.337,False
206,1313.292,2949.305,4178.0,3879.371,-298.63,-45549.793,152.529,False
207,1636.796,1928.437,8511.0,9142.826,631.826,169719.0,268.617,False
208,2604.421,485.277,3504.5,3966.327,461.827,121761.703,263.652,False
209,791.887,2164.249,5050.0,7308.6,2258.6,351898.844,155.804,False
210,1667.418,2030.481,7262.0,5196.588,-2065.412,-324853.719,157.283,False
211,1976.235,3027.533,9420.0,9761.968,341.967,95614.836,279.602,False
212,322.808,839.135,2248.0,1946.693,-301.307,-54010.422,179.254,False
213,2005.519,564.769,2325.0,3441.432,1116.432,347653.156,311.397,False
214,2897.099,1118.889,5148.0,6013.067,865.067,170692.062,197.316,False
215,1695.313,2433.137,9453.0,11230.225,1777.224,367946.531,207.034,False
216,830.683,1411.247,3025.0,2332.188,-692.812,-106552.484,153.797,False
217,179.57,507.069,4921.0,8430.357,3509.358,830722.562,236.716,True
218,911.556,1693.477,4906.0,7553.016,2647.016,471412.0,178.092,True
219,1173.284,464.089,4463.5,3323.582,-1139.918,-193618.172,169.853,False
220,229.86,867.474,2882.0,2642.962,-239.038,-45146.18,188.866,False
221,692.77,2913.911,1410.0,3040.937,1630.937,252211.344,154.642,False
222,2464.182,942.947,6506.5,5507.677,-998.823,-176299.578,176.507,False
223,131.109,776.753,2613.0,2108.716,-504.284,-82457.906,163.515,False
224,1148.526,982.51,6214.0,4957.18,-1256.82,-287818.625,229.005,False
225,2489.063,465.767,2664.0,2817.191,153.191,30631.588,199.957,False
226,2922.483,590.272,2725.0,2075.792,-649.208,-88874.07,136.896,False
227,656.491,1713.158,4648.5,4676.537,28.037,5656.582,201.753,False
228,594.685,2699.471,3610.5,4206.418,595.918,107072.344,179.676,False
229,220.073,1933.859,6577.0,5055.223,-1521.777,-393343.125,258.476,False
230,1277.467,175.394,4406.0,5920.083,1514.083,543290.0,358.824,True
231,1124.929,937.959,5720.0,5983.643,263.643,60514.895,229.534,False
232,1002.892,805.87,4174.0,3122.322,-1051.679,-171409.719,162.987,False
233,2770.984,1551.228,4483.0,6243.288,1760.288,295642.844,167.951,False
234,1775.986,2843.703,6223.0,9046.814,2823.815,527953.812,186.965,True
235,2127.754,764.298,2624.0,2349.427,-274.573,-41706.453,151.896,False
236,625.17,1459.357,2593.0,3716.356,1123.356,250728.297,223.196,False
237,2338.137,2620.509,9262.0,9730.514,468.514,122237.875,260.906,False
238,2588.65,2597.679,9709.0,9526.639,-182.361,-43283.504,237.35,False
239,3015.324,1385.952,4692.0,6207.619,1515.619,280805.875,185.275,False
240,1699.469,2074.554,8778.0,9563.79,785.79,176215.031,224.252,False
241,1961.23,106.189,3421.5,2681.331,-740.169,-197883.453,267.349,False
242,1672.73,476.369,4199.0,4650.784,451.784,119400.031,264.286,False
243,157.408,201.453,2418.0,2798.757,380.757,78065.602,205.027,False
244,2053.425,909.659,2741.5,2555.88,-185.62,-32625.984,175.768,False
245,1400.573,941.438,11133.0,9275.101,-1857.899,-328325.438,176.719,False
246,1817.18,81.439,5753.5,4891.605,-861.895,-246268.031,285.729,False
247,1418.24,670.056,3407.5,2511.607,-895.893,-226740.719,253.089,False
248,293.528,278.829,2446.5,2944.175,497.675,138257.375,277.806,False
249,1129.976,583.818,4121.0,4773.297,652.297,76205.672,116.827,False
250,2374.843,1587.258,6004.0,6362.758,358.758,58965.516,164.36,False
251,2761.043,91.194,9006.0,7857.701,-1148.299,-166416.172,144.924,False
252,2432.339,885.864,6301.0,8255.902,1954.903,423110.344,216.435,False
253,1041.094,2032.373,6582.0,7098.565,516.566,164458.109,318.368,False
254,726.59,1396.857,2951.5,2302.356,-649.144,-85368.375,131.509,False
255,1224.977,2789.249,5531.0,5570.562,39.562,5917.382,149.572,False
256,608.54,986.244,3016.5,3231.234,214.734,48063.836,223.83,False
257,2805.295,2030.497,11225.0,9902.219,-1322.781,-274699.625,207.668,False
258,2783.527,2527.424,6761.0,6205.746,-555.254,-91202.891,164.254,False
259,340.332,1078.959,2026.5,1711.215,-315.285,-52386.418,166.156,False
260,435.935,1775.72,4585.0,3874.474,-710.526,-99970.273,140.699,False
261,1055.8,486.783,6294.0,3483.219,-2810.781,-382706.938,136.157,False
262,516.191,368.581,2087.0,3453.132,1366.132,277352.719,203.02,False
263,597.505,2184.214,4120.0,4170.871,50.871,11875.432,233.442,False
264,2564.585,176.942,3114.0,2416.945,-697.055,-140412.016,201.436,False
265,2032.361,978.141,2753.0,4377.455,1624.455,307834.0,189.5,False
266,966.622,2398.467,4095.0,8140.709,4045.709,578201.188,142.917,True
267,681.51,982.393,3056.5,3094.581,38.081,6934.703,182.106,False
268,274.177,1242.302,3349.0,4471.499,1122.499,203227.844,181.049,False
269,786.963,1440.962,3452.0,2471.031,-980.969,-246925.422,251.716,False
270,1170.76,562.381,2794.0,5281.196,2487.196,584556.625,235.026,True
271,359.437,2498.441,7263.0,7084.219,-178.781,-44076.68,246.54,False
272,2968.163,2569.278,4955.0,7669.722,2714.722,528490.562,194.676,True
273,705.221,1618.792,4398.5,5292.513,894.013,161388.359,180.521,False
274,2988.408,23.349,,,,,190.451,False
275,1660.605,586.737,2552.0,2601.391,49.391,10183.876,206.189,False
276,2371.554,1174.281,3190.0,2799.459,-390.541,-63116.664,161.614,False
277,1962.015,1003.491,3043.0,3745.952,702.952,160163.094,227.844,False
278,3018.617,50.269,1200.5,1173.019,-27.481,-3631.394,132.143,False
279,2708.864,460.899,3250.5,5519.62,2269.12,349942.594,154.22,False
280,878.006,1094.095,1976.0,2213.079,237.079,54467.695,229.745,False
281,78.842,1025.838,1744.0,1528.08,-215.92,-48603.023,225.097,False
282,37.436,1067.96,,,,,194.464,False
283,820.107,1871.971,5333.0,7635.671,2302.671,422248.5,183.373,False
284,954.397,1626.063,4198.0,3697.165,-500.835,-85755.875,171.226,False
285,2003.832,1263.129,5004.0,6881.08,1877.08,441559.75,235.238,False
286,2574.978,2695.243,8684.0,11448.65,2764.651,524777.0,189.817,True
287,1060.278,1313.801,2314.0,3963.642,1649.642,367844.719,222.985,False
288,394.288,1021.188,2271.5,2131.672,-139.828,-36806.918,263.229,False
289,1563.903,2410.461,6052.0,7159.271,1107.271,305852.594,276.222,False
290,120.13,2577.356,5474.0,5141.018,-332.982,-52126.199,156.543,False
291,732.147,185.059,2759.0,3383.621,624.621,139676.625,223.618,False
292,1144.209,1051.443,8122.0,5815.542,-2306.459,-509431.969,220.872,False
293,1193.698,2885.868,4722.0,5636.394,914.394,130682.562,142.917,False
294,1105.588,665.389,4714.0,3756.635,-957.365,-147846.562,154.431,False
295,603.356,1810.536,5398.0,5143.416,-254.585,-29527.123,115.982,False
296,1769.373,1619.794,8894.0,9291.068,397.067,91433.898,230.273,False
297,336.008,2227.184,6241.0,6685.705,444.705,80466.68,180.944,False
298,2922.524,670.722,2648.0,2538.781,-109.219,-16486.066,150.945,False
299,1404.483,891.707,6029.0,7824.081,1795.081,347562.531,193.619,False
300,124.056,1303.365,2097.0,2235.425,138.425,25748.957,186.014,False
301,2603.972,33.248,,,,,174.923,False
302,392.12,1786.51,5318.5,5472.121,153.621,26222.705,170.698,False
303,1484.544,2301.346,5847.5,7907.601,2060.1,486353.906,236.083,True
304,1446.132,1124.294,7406.0,8203.783,797.783,243033.797,304.636,False
305,2403.712,22.896,,,,,163.198,False
306,1105.028,1303.259,2551.0,2594.087,43.087,5602.605,130.03,False
307,572.988,2404.951,5493.0,6598.929,1105.929,178382.656,161.297,False
308,649.793,2232.018,4639.0,6142.516,1503.516,208684.359,138.798,False
309,2807.253,2245.57,7215.0,9424.78,2209.78,371135.625,167.951,False
310,3044.918,525.991,,,,,180.627,False
311,2449.927,2348.273,11133.5,12787.575,1654.075,277978.938,168.057,False
312,1073.213,2829.826,3724.0,3302.922,-421.078,-63203.809,150.1,False
313,2908.772,2670.678,4612.0,4003.065,-608.935,-136940.812,224.886,False
314,1190.09,795.358,4338.0,4238.793,-99.207,-26470.408,266.821,False
315,2366.345,411.295,3233.0,3748.074,515.074,82698.844,160.557,False
316,2766.346,750.736,2909.5,2058.082,-851.418,-143356.656,168.374,False
317,2171.158,2244.106,12812.5,14456.781,1644.281,478155.031,290.799,True
318,2583.631,384.2,2984.5,4839.635,1855.135,306673.594,165.311,False
319,1366.951,568.329,2506.5,4256.055,1749.555,485852.812,277.701,True
320,1968.017,2519.431,11342.0,11956.827,614.827,122029.891,198.478,False
321,2511.211,1769.404,6444.0,6323.015,-120.985,-28587.969,236.294,False
322,312.193,1303.407,6098.0,5643.15,-454.85,-89797.484,197.422,False
323,2897.965,461.225,2473.0,3665.05,1192.05,238736.781,200.274,False
324,1949.918,1753.281,8070.0,10026.276,1956.276,336205.0,171.86,False
325,1431.831,356.574,4340.5,5733.06,1392.56,300958.125,216.119,False
326,920.474,638.955,7428.0,8117.437,689.437,160652.172,233.019,False
327,1579.707,1775.976,8076.0,6706.155,-1369.845,-288814.094,210.837,False
328,1627.986,32.785,,,,,143.762,False
329,1680.283,2526.701,6945.0,7596.29,651.289,171094.516,262.701,False
330,1388.005,341.377,6303.0,6566.134,263.134,64789.629,246.223,False
331,1982.304,1441.634,5455.5,5942.844,487.344,88284.812,181.155,False
332,2097.055,2864.404,8434.0,9810.941,1376.942,279256.469,202.809,False
333,1943.037,1954.093,7614.5,7197.213,-417.287,-76739.688,183.902,False
334,592.495,309.201,3454.0,3170.816,-283.184,-44510.078,157.177,False
335,1362.838,908.76,9970.5,9131.746,-838.753,-184548.219,220.027,False
336,949.593,1270.36,2804.0,2142.302,-661.698,-110224.391,166.578,False
337,836.628,1296.994,1999.0,2725.399,726.399,151693.906,208.83,False
338,408.453,459.367,5605.5,5644.71,39.21,7397.15,188.655,False
339,1518.152,231.182,7903.5,17579.287,9675.787,1471754.25,152.107,True
340,1117.499,498.803,5999.0,5664.53,-334.47,-61403.453,183.585,False
341,1388.0,3036.774,,,,,232.174,False
342,2945.941,1299.451,4938.0,6778.433,1840.433,246505.016,133.939,False
343,1132.749,2847.389,4622.5,4043.963,-578.537,-86899.43,150.206,False
344,380.91,682.106,3347.0,7234.887,3887.887,787678.0,202.598,True
345,2011.639,1653.521,11206.0,14475.686,3269.686,593011.0,181.366,True
346,2033.974,1748.344,10232.0,9750.332,-481.668,-93718.25,194.57,False
347,2158.399,289.182,2385.0,3118.579,733.579,98564.445,134.361,False
348,2890.683,278.838,2283.0,3762.136,1479.136,241392.109,163.198,False
349,2412.314,1057.138,3082.0,4659.764,1577.764,369982.781,234.498,False
350,1567.061,858.578,3884.0,4532.779,648.779,146518.047,225.837,False
351,2254.539,869.086,2518.0,2402.183,-115.817,-26999.93,233.125,False
352,1282.134,277.688,4207.0,5458.694,1251.694,224503.172,179.359,False
353,363.409,566.211,6945.5,5408.976,-1536.524,-307401.344,200.063,False
354,1023.187,215.072,8792.5,8850.483,57.983,11728.87,202.281,False
355,2549.099,2479.042,11916.0,12410.751,494.75,105931.805,214.112,False
356,672.733,605.19,6416.5,5148.042,-1268.458,-215718.984,170.064,False
357,409.317,2471.747,5879.0,6965.984,1086.984,225617.141,207.563,False
358,1063.129,1647.245,6132.0,6671.595,539.595,117984.375,218.654,False
359,1234.634,341.012,2901.0,2316.997,-584.003,-133431.469,228.477,False
360,263.389,915.022,3102.0,3524.321,422.321,49026.07,116.087,False
361,343.763,2666.618,4689.0,3718.106,-970.894,-214238.172,220.661,False
362,2733.905,2193.717,7780.5,6458.423,-1322.077,-245645.656,185.803,False
363,631.656,1621.213,4103.0,2977.289,-1125.711,-152321.984,135.312,False
364,3047.083,2941.687,,,,,147.142,False
365,2587.955,991.411,4642.0,4459.083,-182.917,-39087.359,213.689,False
366,477.106,983.375,2369.0,1936.387,-432.613,-109626.633,253.406,False
367,1900.3,2441.211,13966.5,15659.61,1693.111,257176.156,151.896,False
368,2751.962,1369.633,3867.0,4458.759,591.759,131327.953,221.928,False
369,1577.463,2300.078,7330.0,8623.108,1293.108,322354.188,249.286,False
370,1813.558,480.262,2900.0,5085.195,2185.195,538507.125,246.434,True
371,2624.531,1355.417,4225.5,4638.138,412.638,95455.227,231.329,False
372,36.234,660.277,,,,,192.88,False
373,2702.37,218.684,3115.5,2803.234,-312.266,-48718.211,156.015,False
374,2705.881,2427.029,4848.0,7681.113,2833.113,541363.438,191.084,True
375,57.813,1115.81,2591.5,2531.447,-60.053,-7827.803,130.347,False
376,702.508,1944.028,7152.0,7200.241,48.241,13223.373,274.109,False
377,2416.131,230.316,2989.5,2518.961,-470.539,-83699.797,177.881,False
378,1835.354,979.366,2591.0,2151.529,-439.471,-52038.207,118.411,False
379,1920.947,810.677,2257.5,3110.132,852.632,149054.812,174.817,False
380,2455.573,1087.705,3516.0,4340.756,824.756,152283.75,184.641,False
381,2169.483,149.592,3211.0,5094.394,1883.394,296026.469,157.177,False
382,2428.237,1385.551,6360.0,6610.088,250.088,64113.387,256.364,False
383,707.148,497.517,4055.0,2877.407,-1177.593,-213700.188,181.472,False
384,2905.055,2077.852,9651.0,7833.023,-1817.977,-313205.062,172.282,False
385,2114.093,1596.995,9413.5,11519.734,2106.235,493018.375,234.076,True
386,1135.439,1497.137,6490.5,4236.358,-2254.142,-446684.281,198.162,False
387,1656.31,987.913,3997.0,4708.948,711.948,180938.156,254.145,False
388,2753.083,1721.353,7089.5,10903.108,3813.609,654197.188,171.543,True
389,642.264,192.504,2701.0,2380.06,-320.94,-72039.32,224.463,False
390,2287.147,1067.681,3251.0,2845.549,-405.451,-73363.812,180.944,False
391,1459.844,1279.994,5996.0,4090.804,-1905.196,-314747.875,165.205,False
392,1491.069,1381.765,4406.5,4129.337,-277.163,-70117.539,252.983,False
393,845.448,23.586,,,,,231.118,False
394,2898.438,2026.936,11858.0,15392.568,3534.568,567500.812,160.557,True
395,1074.077,1962.173,7903.0,11093.301,3190.301,888307.938,278.44,True
396,471.949,1288.678,7331.0,8678.277,1347.277,237377.438,176.191,False
397,1034.928,2388.423,5122.0,4610.116,-511.884,-101543.945,198.373,False
398,1293.634,2299.658,5267.0,6691.614,1424.614,316463.094,222.139,False
399,956.446,1560.705,5661.0,5834.95,173.95,33000.23,189.711,False
400,702.515,1490.087,3286.0,3311.208,25.208,3440.257,136.474,False
401,3009.014,382.407,1377.0,1300.561,-76.439,-11279.679,147.565,False
402,852.078,936.781,2689.0,2598.051,-90.949,-19127.34,210.309,False
403,1534.148,2357.498,5966.5,8483.2,2516.7,572616.312,227.527,True
404,1468.172,561.38,2691.0,3235.579,544.579,183845.828,337.593,False
405,2295.007,1180.596,3867.0,5661.479,1794.479,340243.031,189.606,False
406,639.692,33.977,,,,,152.213,False
407,211.403,2075.338,6453.0,10005.522,3552.522,858952.375,241.787,True
408,1561.845,2859.734,5276.0,9062.103,3786.102,653877.75,172.705,True
409,402.301,224.908,3095.0,2997.008,-97.992,-23061.734,235.343,False
410,1900.57,397.522,1965.0,3031.408,1066.408,216953.281,203.443,False
411,2853.622,1925.499,9113.5,9395.596,282.096,73570.578,260.8,False
412,258.439,2603.483,5253.5,4174.029,-1079.471,-152678.547,141.438,False
413,2400.842,2249.549,7440.0,8981.975,1541.974,297416.031,192.88,False
414,526.683,2278.667,5470.0,4958.389,-511.611,-99111.922,193.725,False
415,2751.581,2759.633,5762.0,9504.329,3742.329,749096.312,200.168,True
416,1769.679,2906.986,7335.0,9087.726,1752.725,418786.812,238.935,False
417,402.97,1665.926,3801.5,4817.801,1016.301,141274.797,139.009,False
418,1209.74,2656.988,3216.0,4030.615,814.615,133373.797,163.726,False
419,2612.78,2115.142,7366.0,10227.886,2861.885,582835.188,203.654,True
420,1274.653,1213.488,4307.5,3908.036,-399.464,-74263.672,185.908,False
421,2119.078,938.09,2903.0,3455.225,552.225,111296.32,201.542,False
422,837.371,662.941,8473.0,10217.082,1744.082,360532.375,206.718,False
423,1916.593,1675.945,7706.0,8689.16,983.16,255577.344,259.955,False
424,1254.49,1112.103,4250.5,5779.006,1528.506,309026.438,202.175,False
425,1658.785,872.877,3114.0,3067.569,-46.431,-9656.994,207.985,False
426,1881.376,1964.8,8820.0,10304.973,1484.973,330655.312,222.668,False
427,247.059,1328.574,2604.5,3103.312,498.812,89888.117,180.204,False
428,2172.998,1534.738,6104.5,5643.28,-461.22,-100457.648,217.809,False
429,2937.857,736.567,2779.5,2443.978,-335.522,-37496.68,111.756,False
430,2039.558,1792.968,9974.0,9005.365,-968.634,-201768.469,208.302,False
431,2244.271,948.507,2941.0,3997.271,1056.271,240441.219,227.632,False
432,1571.241,2603.576,5491.0,8508.19,3017.19,672468.125,222.879,True
433,705.46,1277.507,1867.0,1657.64,-209.36,-47546.512,227.104,False
434,1841.571,1226.575,3973.0,4289.393,316.393,77769.523,245.801,False
435,754.698,549.421,5435.0,5105.354,-329.646,-74550.664,226.153,False
436,2970.888,2471.277,5565.5,6792.445,1226.945,185589.984,151.262,False
437,2170.609,1033.697,3785.5,3866.807,81.307,16086.205,197.845,False
438,1312.872,1566.241,8909.0,8242.374,-666.626,-198712.797,298.087,False
439,2715.218,557.712,3076.0,5545.312,2469.312,462195.906,187.176,True
440,2093.086,1367.541,6175.0,7263.133,1088.133,201028.734,184.747,False
441,2374.496,1235.192,4673.0,4464.489,-208.511,-43829.609,210.203,False
442,567.429,2073.798,7469.0,7458.653,-10.347,-1436.143,138.798,False
443,2792.842,462.186,2518.0,3211.853,693.852,131118.5,188.972,False
444,701.403,1024.764,2090.5,2986.022,895.522,172160.75,192.246,False
445,303.805,2777.413,6360.5,8538.194,2177.695,417273.438,191.612,False
446,2486.253,2935.492,5692.0,8370.565,2678.566,486650.594,181.683,True
447,2952.874,1411.292,4684.0,6994.011,2310.011,538277.25,233.019,True
448,1302.178,1013.661,11464.5,10796.445,-668.055,-260390.359,389.774,False
449,1401.994,1940.741,9093.0,8264.527,-828.473,-157608.125,190.239,False
450,771.786,1912.726,6425.0,7224.174,799.174,150599.172,188.444,False
451,2682.629,160.226,5771.5,5849.068,77.568,14912.183,192.246,False
452,2351.582,2974.058,8592.5,9263.571,671.071,157081.453,234.076,False
453,2300.932,2061.639,9373.0,9204.082,-168.918,-28923.133,171.226,False
454,2529.093,816.646,4075.5,3174.553,-900.947,-170063.203,188.76,False
455,1650.976,1746.873,8643.5,8232.225,-411.276,-105436.242,256.364,False
456,2515.032,72.329,6084.0,4993.405,-1090.595,-209662.812,192.246,False
457,2448.432,671.812,2616.0,3541.287,925.287,157553.406,170.275,False
458,175.769,265.092,2190.0,1675.459,-514.541,-110821.406,215.379,False
459,503.079,2618.089,8938.0,8962.243,24.243,2891.088,119.256,False
460,2682.335,1403.34,4569.0,4446.017,-122.983,-31359.482,254.99,False
461,1785.903,1873.815,6918.0,9302.088,2384.088,382530.844,160.452,False
462,872.973,1516.469,5004.0,6148.95,1144.95,237769.641,207.668,False
463,1795.46,524.367,2901.0,2497.691,-403.309,-57682.328,143.023,False
464,2867.092,855.283,3138.0,2753.995,-384.005,-56300.582,146.614,False
465,1065.219,144.961,6736.0,9177.201,2441.202,587155.562,240.519,True
466,629.024,2368.078,5890.0,7302.624,1412.623,179505.812,127.073,False
467,2009.294,1029.927,4880.0,4616.319,-263.681,-65537.062,248.547,False
468,2505.69,2668.981,9455.5,12944.924,3489.424,655716.5,187.915,True
469,2122.222,267.03,2231.0,3733.927,1502.927,238448.422,158.656,False
470,920.913,2132.337,5415.5,5704.384,288.884,32162.586,111.334,False
471,2488.266,2725.039,8290.0,12979.465,4689.466,792555.75,169.008,True
472,3006.734,2906.617,2108.5,2060.281,-48.219,-6825.059,141.544,False
473,674.565,1218.789,2520.0,2881.213,361.213,57957.176,160.452,False
474,1338.957,348.077,5402.5,7341.55,1939.05,458595.344,236.505,False
475,2278.855,2242.962,8731.0,9576.929,845.929,146363.938,173.022,False
476,477.003,1434.649,4009.0,3727.193,-281.807,-51497.277,182.74,False
477,301.515,2969.637,10464.5,11338.644,874.144,193904.953,221.823,False
478,2567.121,2398.935,9101.0,13193.599,4092.598,961436.062,234.921,True
479,2402.553,168.776,5683.0,6738.347,1055.347,180256.844,170.803,False
480,627.0,1379.708,2155.0,1761.128,-393.872,-75845.164,192.563,False
481,2814.112,2810.282,3344.0,4285.851,941.851,187932.016,199.535,False
482,1134.746,263.825,4985.0,8243.501,3258.501,726595.25,222.985,True
483,903.319,1263.556,2076.0,2259.56,183.56,27746.205,151.156,False
484,2578.958,2517.655,14734.0,15209.65,475.651,98124.492,206.295,False
485,662.594,2712.933,3494.0,3297.577,-196.423,-25208.977,128.34,False
486,1179.434,876.093,4399.5,3469.504,-929.996,-190085.219,204.394,False
487,929.152,241.8,9236.0,9445.448,209.447,50243.348,239.885,False
488,1048.734,1508.659,5094.5,6196.74,1102.24,222845.938,202.175,False
489,456.056,431.371,6077.5,6779.116,701.616,128731.844,183.479,False
490,875.189,2175.203,4763.5,4305.233,-458.267,-104219.602,227.421,False
491,150.654,345.352,2491.0,2881.338,390.338,78628.086,201.436,False
492,1388.613,2704.929,3717.0,6313.017,2596.016,349626.312,134.678,False
493,826.121,3057.18,,,,,123.587,False
494,3013.469,2460.39,6502.0,8557.455,2055.455,369533.75,179.782,False
495,678.925,293.226,4390.0,4015.151,-374.849,-46643.168,124.432,False
496,1378.674,117.081,4898.0,10112.957,5214.958,789926.0,151.473,True
497,224.441,623.925,5356.0,4609.149,-746.851,-146971.516,196.788,False
498,938.023,2548.067,5297.5,4967.137,-330.363,-74852.297,226.576,False
499,2709.713,72.631,9100.0,7293.893,-1806.108,-294562.469,163.092,False
500,141.826,1755.407,5313.5,8587.496,3273.996,669529.875,204.499,True
501,1443.897,180.729,5939.0,6359.096,420.096,108274.25,257.737,False
502,2802.072,2914.096,4528.5,7163.189,2634.689,342311.156,129.925,False
503,2196.013,384.383,2844.0,4436.941,1592.941,264339.75,165.944,False
504,210.712,1783.945,3589.5,4135.321,545.821,116520.609,213.478,False
505,1032.799,1592.042,5119.0,4994.378,-124.622,-24247.746,194.57,False
506,226.588,1001.929,2497.0,2457.812,-39.188,-6556.865,167.318,False
507,57.042,1212.9,2548.0,2032.189,-515.811,-109024.539,211.365,False
508,467.695,603.016,4353.5,5491.591,1138.091,160969.734,141.438,False
509,598.682,1587.785,4294.5,3909.004,-385.496,-47764.375,123.904,False
510,196.27,385.542,2692.0,2115.593,-576.407,-130112.898,225.731,False
511,2844.98,2179.14,7569.0,7014.985,-554.015,-73092.133,131.932,False
512,376.155,57.353,2225.0,5679.779,3454.779,674751.188,195.31,True
513,1219.279,2381.318,4148.0,6637.515,2489.515,720792.562,289.531,True
514,2275.148,2204.226,9114.5,10780.568,1666.068,283866.125,170.381,False
515,929.775,1818.851,4615.0,10726.271,6111.271,1910776.125,312.664,True
516,2300.507,2433.911,8531.0,14875.886,6344.886,1150749.0,181.366,True
517,2744.774,1892.897,8718.0,10973.656,2255.656,632830.625,280.553,True
518,2826.083,1097.386,4662.0,8985.223,4323.223,558953.312,129.291,True
519,974.254,1595.071,4626.5,6986.023,2359.524,358650.656,152.001,False
520,1036.189,917.586,6608.5,5110.532,-1497.968,-228642.422,152.635,False
521,2559.988,1629.862,5589.0,5635.016,46.016,12331.541,267.983,False
522,1056.334,855.684,5511.0,3314.136,-2196.864,-533724.938,242.949,False
523,58.843,2145.54,6177.0,7076.518,899.517,163427.266,181.683,False
524,2293.006,1119.362,3397.5,3833.918,436.418,59190.824,135.629,False
525,2730.497,427.598,2726.0,2965.363,239.363,41035.703,171.437,False
526,211.405,1195.862,1946.0,1590.99,-355.01,-75186.773,211.788,False
527,127.583,313.299,1375.0,1169.271,-205.729,-26707.547,129.819,False
528,1771.444,2265.758,13084.0,16056.786,2972.785,827428.812,278.335,True
529,2850.185,2929.209,3121.0,2961.982,-159.018,-25733.111,161.825,False
530,171.669,618.904,3439.0,3830.903,391.903,55181.75,140.805,False
531,2944.788,2097.26,9928.0,11110.614,1182.614,169390.609,143.234,False
532,1646.902,2908.929,7134.0,11985.908,4851.908,761071.625,156.86,True
533,1521.783,2280.622,7236.5,7370.266,133.766,20883.646,156.121,False
534,2110.875,2996.837,7170.0,8662.075,1492.075,240351.547,161.085,False
535,2417.608,2530.839,13778.0,11982.872,-1795.128,-336763.344,187.599,False
536,1253.887,549.816,2779.5,2692.171,-87.329,-26013.137,297.876,False
537,1246.757,1496.204,5446.0,7427.576,1981.576,565146.438,285.2,True
538,344.864,427.88,4739.0,4970.728,231.728,29666.555,128.023,False
539,2523.012,1378.609,5147.0,5094.744,-52.256,-11889.691,227.527,False
540,2108.193,2364.518,14714.0,17432.389,2718.388,673350.0,247.702,True
541,1037.919,668.776,5450.0,8014.991,2564.99,623973.562,243.265,True
542,737.082,2316.066,5321.0,5772.938,451.939,111182.242,246.012,False
543,1998.048,2460.002,13386.5,13094.526,-291.973,-64889.555,222.245,False
544,866.631,134.045,6377.0,9234.718,2857.717,485994.844,170.064,True
545,3050.187,3012.586,,,,,151.684,False
546,160.702,1697.945,4494.5,5846.582,1352.082,335484.438,248.124,False
547,2312.186,1246.239,4663.0,4139.417,-523.583,-103366.797,197.422,False
548,904.679,1401.852,2452.0,2555.188,103.188,12818.071,124.221,False
549,1867.959,743.43,2275.0,2423.607,148.607,26544.137,178.62,False
550,1857.903,1124.602,3659.0,3793.442,134.442,34820.973,259.004,False
551,1655.921,3028.587,5269.5,6636.775,1367.275,382148.594,279.496,False
552,2444.124,2800.831,9915.0,11648.06,1733.059,340679.688,196.577,False
553,82.251,2398.137,6695.0,8165.207,1470.206,244593.75,166.367,False
554,2722.607,26.01,,,,,178.831,False
555,1311.946,2580.152,3369.0,4866.172,1497.172,325306.312,217.281,False
556,1565.644,674.635,2876.0,6564.757,3688.757,1078531.0,292.383,True
557,2911.03,1462.289,4544.0,5300.193,756.193,119495.305,158.022,False
558,967.798,2171.691,4291.0,3644.878,-646.122,-133018.781,205.873,False
559,710.405,135.7,3050.0,2999.496,-50.504,-10744.136,212.738,False
560,876.091,598.299,9444.0,9121.55,-322.451,-46254.027,143.445,False
561,1518.553,2687.217,5785.0,9195.064,3410.064,1089258.25,319.425,True
562,1758.2,1814.541,6488.0,6107.34,-380.66,-45999.141,120.841,False
563,2805.491,1205.747,3706.5,3087.855,-618.644,-148795.797,240.519,False
564,2403.415,2901.117,6317.5,6360.278,42.778,10560.076,246.857,False
565,64.327,2658.229,5607.0,7163.906,1556.906,330884.75,212.527,False
566,83.715,1260.477,1839.0,1721.988,-117.012,-11741.915,100.348,False
567,2257.577,2879.645,8683.5,12178.837,3495.337,579662.5,165.839,True
568,1392.171,1407.757,5039.0,4967.688,-71.313,-16820.596,235.871,False
569,1143.881,2111.405,8489.0,9106.213,617.213,213517.031,345.938,False
570,830.608,2194.462,5405.0,8985.36,3580.36,685663.5,191.507,True
571,2166.219,2362.103,12967.0,21425.305,8458.306,1484019.125,175.451,True
572,949.553,1688.662,3498.0,2730.423,-767.577,-138726.266,180.733,False
573,292.348,1756.399,4811.0,5879.957,1068.957,189920.922,177.669,False
574,537.928,1578.56,2614.0,2924.649,310.649,31140.301,100.243,False
575,574.407,1535.299,2318.0,2610.987,292.987,54685.398,186.648,False
576,1033.368,1928.362,7434.0,8187.171,753.171,206292.062,273.898,False
577,881.707,219.385,7407.0,7139.462,-267.537,-48013.605,179.465,False
578,2920.959,1932.279,10081.0,11114.574,1033.575,181341.875,175.451,False
579,2349.986,2734.587,10419.0,11302.225,883.224,191440.938,216.752,False
580,2802.74,1060.472,3939.0,5781.033,1842.033,363074.375,197.105,False
581,3045.578,2774.224,,,,,181.683,False
582,273.817,3046.341,,,,,147.987,False
583,538.647,403.157,4967.0,5293.673,326.673,69910.031,214.006,False
584,2641.377,1293.83,4112.0,5928.759,1816.759,349840.844,192.563,False
585,564.033,1811.347,5019.5,3162.369,-1857.131,-270516.188,145.664,False
586,1907.52,2564.094,11324.0,14072.704,2748.704,683762.688,248.758,True
587,108.488,1199.044,1589.5,2820.534,1231.034,240562.703,195.415,False
588,1137.829,704.555,4381.0,3407.554,-973.446,-171614.844,176.296,False
589,1690.031,937.787,2382.0,3922.055,1540.055,465415.188,302.207,True
590,1089.486,1491.28,6034.0,5678.792,-355.208,-56205.832,158.233,False
591,2775.254,2301.805,5776.0,6365.316,589.316,145289.891,246.54,False
592,269.293,1475.552,3669.0,5653.928,1984.928,306743.688,154.536,False
593,1610.528,1199.607,3033.0,3099.123,66.123,15966.686,241.47,False
594,1309.905,1265.996,3629.0,4927.272,1298.272,249587.922,192.246,False
595,158.174,2211.809,5290.5,8355.896,3065.395,715591.562,233.442,True
596,90.657,90.174,1837.5,1276.254,-561.246,-79263.18,141.227,False
597,306.214,1384.024,4774.0,3363.323,-1410.676,-270303.188,191.612,False
598,2659.805,51.747,8107.0,7554.639,-552.361,-88043.82,159.395,False
599,864.037,1659.959,5369.0,4153.298,-1215.702,-316156.25,260.061,False
600,971.16,2090.141,6264.0,8166.308,1902.308,208576.203,109.644,False
601,1365.696,1282.459,3608.0,9498.771,5890.771,1406264.625,238.723,True
602,905.119,1548.226,4101.0,3210.155,-890.845,-134468.547,150.945,False
603,1151.542,2047.633,12605.5,11083.754,-1521.746,-211857.594,139.22,False
604,1814.4,1322.536,3771.0,4209.505,438.505,94583.891,215.696,False
605,319.93,2556.814,5035.5,4764.58,-270.92,-44728.785,165.099,False
606,1895.628,2597.453,8654.0,14498.031,5844.032,1259300.125,215.485,True
607,1059.974,2759.447,3355.0,6813.237,3458.237,397438.719,114.925,False
608,748.936,2245.831,6633.0,6777.657,144.657,24234.225,167.529,False
609,38.958,2821.806,,,,,205.873,False
610,109.272,565.218,3202.0,3673.513,471.514,101255.359,214.745,False
611,1811.045,1542.357,7263.0,7366.283,103.283,26707.125,258.582,False
612,2477.601,58.201,9087.0,11762.524,2675.524,455858.125,170.381,False
613,762.287,711.773,5540.0,4495.047,-1044.953,-141946.391,135.84,False
614,2439.396,2647.977,11395.0,11548.85,153.849,31267.057,203.232,False
615,1308.235,1642.086,5401.0,4277.554,-1123.446,-149642.156,133.199,False
616,137.061,2984.702,15430.0,24722.17,9292.169,2217276.5,238.618,True
617,1895.216,1607.732,7297.0,9948.804,2651.803,781505.5,294.707,True
618,2664.465,2555.338,9944.0,12011.317,2067.317,636986.188,308.122,True
619,769.443,2439.312,3396.0,3717.115,321.115,65566.008,204.182,False
620,1859.629,2068.106,8173.0,8051.937,-121.064,-29783.064,246.012,False
621,2034.209,279.271,2263.0,3793.733,1530.733,335832.219,219.393,False
622,1192.6,651.265,4024.0,4128.099,104.099,19143.924,183.902,False
623,2680.937,1316.605,3898.5,5627.439,1728.94,320694.0,185.486,False
624,2107.541,2450.024,12572.0,15273.95,2701.951,612197.0,226.576,True
625,1839.729,845.325,2165.0,1834.214,-330.786,-75821.711,229.217,False
626,2613.719,2741.99,5775.0,6825.229,1050.229,317830.062,302.629,False
627,1924.074,1441.492,5073.0,8540.029,3467.029,797264.438,229.956,True
628,2959.018,2159.924,8988.0,8748.386,-239.614,-60593.168,252.878,False
629,2739.454,3018.35,2626.0,3030.768,404.768,52033.562,128.551,False
630,1695.185,1613.438,9308.0,14280.458,4972.459,907614.5,182.528,True
631,291.262,80.672,3123.0,2917.905,-205.095,-42440.051,206.929,False
632,1854.595,634.262,2088.0,2492.151,404.151,84356.18,208.725,False
633,1767.444,2637.861,7392.0,10147.702,2755.702,284971.469,103.412,False
634,1932.715,2858.395,7600.0,8940.635,1340.635,248244.094,185.169,False
635,1056.381,2891.242,2969.0,2819.563,-149.437,-29296.955,196.049,False
636,147.997,2849.678,7208.0,10614.288,3406.288,581445.812,170.698,True
637,798.433,1639.609,3008.5,3418.023,409.523,65362.617,159.607,False
638,2936.192,3010.621,1571.5,2990.888,1419.388,183963.766,129.608,False
639,2838.143,2739.566,3388.0,4146.706,758.706,125261.852,165.099,False
640,1264.457,2692.754,3275.0,2670.269,-604.731,-88725.977,146.72,False
641,1088.992,405.754,4736.0,5383.48,647.48,49858.645,77.004,False
642,2664.485,2220.708,6304.0,4419.363,-1884.637,-272332.969,144.502,False
643,1037.704,1009.118,5977.0,5979.878,2.878,726.839,252.561,False
644,2715.142,1146.791,3692.5,3089.687,-602.813,-112322.727,186.331,False
645,1517.021,831.362,4444.5,3007.912,-1436.588,-360246.25,250.765,False
646,283.018,3015.337,11577.0,13699.531,2122.531,264783.188,124.749,False
647,2550.625,2157.515,7826.0,8032.506,206.506,41968.52,203.232,False
648,2753.669,1491.674,4201.5,5626.745,1425.245,299892.219,210.415,False
649,1239.123,891.6,4845.5,4080.083,-765.417,-111089.078,145.135,False
650,745.189,1554.663,4895.5,4666.899,-228.601,-30666.764,134.15,False
651,2082.795,3022.81,7100.0,8770.087,1670.087,410861.188,246.012,False
652,2173.767,2878.977,7623.0,13380.979,5757.979,2046032.5,355.339,True
653,945.174,1431.043,4343.0,3242.675,-1100.325,-258605.328,235.026,False
654,1318.742,1867.944,4974.0,5670.381,696.381,203316.047,291.961,False
655,2271.495,2840.611,8684.0,15544.543,6860.543,1366742.375,199.218,True
656,703.307,1730.756,7749.5,6552.098,-1197.402,-239429.234,199.957,False
657,935.623,2857.85,2610.5,2632.013,21.513,4083.49,189.817,False
658,2924.241,1730.814,8974.0,12533.462,3559.461,1187361.375,333.579,True
659,177.116,1465.898,2317.5,2220.713,-96.787,-21929.541,226.576,False
660,651.154,1130.664,2051.0,1560.426,-490.574,-83532.578,170.275,False
661,1786.252,160.946,6470.0,6712.675,242.676,57829.785,238.301,False
662,1665.866,2860.778,6251.5,8401.434,2149.934,377435.375,175.557,False
663,453.886,1474.449,3707.0,2381.1,-1325.9,-217784.906,164.254,False
664,57.573,2581.491,5022.0,6047.254,1025.254,145876.562,142.283,False
665,699.587,2533.883,3301.5,2679.302,-622.198,-62370.758,100.243,False
666,1314.616,2055.547,8150.5,8206.588,56.089,16114.989,287.313,False
667,2066.508,708.595,2659.0,4213.161,1554.161,301736.5,194.148,False
668,1025.535,597.267,5517.5,5085.787,-431.713,-81399.227,188.549,False
669,678.882,3013.883,1721.0,1797.624,76.624,7486.724,97.708,False
670,2329.626,2469.431,9781.0,12504.03,2723.03,689744.188,253.3,True
671,390.83,946.638,2053.0,2653.603,600.603,114131.32,190.028,False
672,1218.318,972.557,4845.5,3845.745,-999.755,-195156.141,195.204,False
673,2680.844,2503.572,7517.5,6748.124,-769.376,-167820.578,218.126,False
674,1160.461,1100.331,8508.5,8813.219,304.719,48570.75,159.395,False
675,1577.081,108.173,8356.0,8489.008,133.008,27101.652,203.76,False
676,584.297,1766.823,5281.0,4565.333,-715.667,-138113.406,192.986,False
677,222.787,698.931,2766.0,3245.283,479.283,107125.844,223.513,False
678,1419.41,2366.451,5400.5,6626.783,1226.283,232898.516,189.922,False
679,3031.112,611.954,1774.0,2542.04,768.04,134591.172,175.24,False
680,2352.7,285.574,3554.5,3307.936,-246.564,-48208.336,195.521,False
681,2454.141,2414.538,11665.0,12241.681,576.68,155454.125,269.567,False
682,1714.339,369.311,3617.5,3710.316,92.816,16176.783,174.289,False
683,2797.725,1361.978,4028.0,3852.129,-175.871,-29890.701,169.958,False
684,816.244,2424.885,2715.0,2688.715,-26.285,-4867.21,185.169,False
685,391.894,808.873,3633.5,4174.622,541.122,102256.68,188.972,False
686,2259.778,534.491,2719.0,3999.387,1280.387,140927.391,110.066,False
687,179.437,2739.484,10305.0,9107.504,-1197.496,-158240.641,132.143,False
688,805.036,1557.04,3246.5,3109.639,-136.861,-24865.363,181.683,False
689,1366.659,2390.054,4448.0,4835.31,387.31,45943.578,118.622,False
690,900.197,1025.912,3339.5,4414.447,1074.947,119677.938,111.334,False
691,1751.649,2529.888,8645.0,16190.406,7545.406,1327038.0,175.874,True
692,2560.697,502.255,2882.0,3391.196,509.196,120158.555,235.977,False
693,1485.593,1198.149,6253.5,5508.283,-745.217,-165620.891,222.245,False
694,2833.379,1479.233,4596.0,6708.373,2112.373,199924.062,94.644,False
695,2380.744,464.995,2511.0,2065.043,-445.957,-85592.148,191.929,False
696,3034.762,2298.676,,,,,212.316,False
697,140.926,1095.547,1886.0,1494.591,-391.409,-62802.203,160.452,False
698,54.818,1840.328,3947.0,4043.321,96.32,19463.455,202.07,False
699,1133.669,636.312,3516.0,2617.902,-898.098,-149508.641,166.473,False
700,303.993,2455.435,8392.0,10191.741,1799.741,512146.344,284.567,True
701,2853.926,2364.973,5546.5,6350.425,803.925,141643.969,176.191,False
702,2090.373,171.287,2370.0,3178.981,808.981,175092.281,216.435,False
703,1963.243,718.96,2865.5,5122.169,2256.669,445754.719,197.528,False
704,2321.49,913.403,3052.0,6266.962,3214.962,520260.812,161.825,True
705,1988.954,1166.126,6902.0,9143.926,2241.926,411109.406,183.373,False
706,637.918,2612.542,3624.5,2929.24,-695.26,-97087.945,139.643,False
707,28.141,1562.925,,,,,173.55,False
708,239.837,2854.778,8612.0,8704.356,92.356,20271.945,219.499,False
709,2308.047,2924.574,8596.0,7607.308,-988.693,-261192.938,264.18,False
710,1015.877,1709.509,4078.0,6062.579,1984.579,364967.031,183.902,False
711,1588.52,1813.535,8416.0,7794.985,-621.014,-54642.828,87.99,False
712,589.241,757.425,6112.5,6378.913,266.413,41761.484,156.755,False
713,811.802,1778.122,6030.0,8363.936,2333.935,524622.5,224.78,True
714,414.226,1997.208,5297.5,4193.336,-1104.164,-145790.797,132.037,False
715,1158.768,1401.359,4749.0,5111.36,362.361,65720.016,181.366,False
716,989.324,2555.395,4712.0,3877.715,-834.285,-132540.594,158.867,False
717,1445.144,1974.443,7255.5,7710.615,455.115,106387.016,233.759,False
718,1295.889,1969.163,9149.0,7939.49,-1209.51,-309690.969,256.047,False
719,2985.196,2718.324,3574.0,5133.507,1559.508,196688.203,126.122,False
720,584.378,79.181,2428.0,2081.696,-346.304,-60978.926,176.085,False
721,2386.235,1727.803,9411.0,9328.359,-82.641,-17895.273,216.541,False
722,2164.478,1964.277,8793.5,8683.46,-110.04,-20004.121,181.789,False
723,2423.027,1953.831,8306.5,10253.088,1946.588,556195.812,285.729,True
724,871.492,806.147,4031.5,3105.772,-925.728,-161931.031,174.923,False
725,1740.498,2713.413,6104.0,9834.106,3730.106,764774.062,205.027,True
726,2149.746,1200.82,4805.0,7519.271,2714.272,710175.812,261.645,True
727,1168.703,1775.188,6616.5,9177.573,2561.073,555659.812,216.964,True
728,1931.97,290.537,2547.0,3669.006,1122.006,239523.516,213.478,False
729,277.251,456.532,3584.0,4002.056,418.056,102360.992,244.85,False
730,231.179,1392.737,2777.0,4027.967,1250.967,154470.922,123.481,False
731,810.913,246.403,4982.5,6395.072,1412.572,317816.75,224.991,False
732,558.488,1960.617,6298.5,5959.319,-339.181,-70651.977,208.302,False
733,3034.045,2076.792,9521.0,11711.458,2190.458,302410.656,138.058,False
734,2070.878,572.64,1967.0,1756.998,-210.002,-39351.75,187.387,False
735,682.466,1067.391,2317.0,2146.757,-170.243,-24960.008,146.614,False
736,737.661,306.527,5070.0,4648.486,-421.513,-102406.094,242.949,False
737,249.939,1440.215,3317.0,3781.835,464.835,108315.656,233.019,False
738,1390.146,53.815,5189.0,6896.297,1707.297,268528.5,157.283,False
739,513.232,2344.467,5423.0,9073.79,3650.79,827952.438,226.787,True
740,1483.142,2199.058,7149.0,8126.172,977.172,256601.219,262.596,False
741,2265.451,356.515,2733.0,2524.656,-208.344,-40713.637,195.415,False
742,2069.449,1229.082,4459.0,6734.958,2275.958,627226.938,275.588,True
743,544.653,872.922,3827.0,3541.957,-285.043,-40346.152,141.544,False
744,774.916,1592.055,2726.0,2216.961,-509.039,-51350.031,100.876,False
745,1358.663,803.935,9869.0,10254.992,385.993,83460.961,216.224,False
746,2941.663,1518.508,5486.0,5671.159,185.159,41620.047,224.78,False
747,427.328,1040.173,3034.5,2921.155,-113.345,-12750.838,112.496,False
748,954.105,931.063,3577.0,4102.036,525.036,107535.898,204.816,False
749,2455.572,511.314,3370.0,5990.598,2620.598,370376.125,141.333,False
750,2822.435,2344.536,5089.0,7884.411,2795.41,692723.75,247.808,True
751,2278.151,681.502,2388.0,1951.784,-436.216,-93491.039,214.323,False
752,2813.748,2108.18,7630.0,11244.938,3614.938,452486.625,125.171,False
753,1398.133,2912.873,4878.0,6430.776,1552.776,383641.438,247.068,False
754,609.358,249.921,2787.5,2344.301,-443.199,-95268.531,214.957,False
755,2005.643,2669.442,8008.5,11040.743,3032.244,722265.938,238.195,True
756,2957.175,1808.069,9095.0,10420.449,1325.449,338956.75,255.73,False
757,1123.689,818.108,4977.0,4244.876,-732.124,-172223.062,235.238,False
758,2532.931,671.411,2939.0,2930.034,-8.966,-1781.447,198.69,False
759,2840.38,111.174,4359.0,6154.958,1795.958,370307.375,206.189,False
760,2907.809,2222.192,7709.5,7955.962,246.462,37410.539,151.79,False
761,2988.699,1188.156,5786.0,13096.038,7310.038,1414593.375,193.514,True
762,500.845,2460.384,5361.5,7682.48,2320.98,407218.594,175.451,False
763,796.396,1095.491,1600.5,1420.305,-180.195,-41627.281,231.012,False
764,3027.129,2841.127,2281.0,2127.041,-153.959,-24247.639,157.494,False
765,1028.909,1066.889,7692.5,7670.198,-22.302,-4037.699,181.049,False
766,677.878,1790.778,5290.0,5111.073,-178.927,-30712.605,171.648,False
767,836.157,1841.641,5439.5,11369.797,5930.297,744808.812,125.594,True
768,902.912,1897.593,5509.0,7383.255,1874.255,367643.594,196.155,False
769,2550.941,30.239,,,,,256.152,False
770,969.455,1488.478,4742.0,3739.551,-1002.449,-205635.469,205.133,False
771,1051.202,2491.718,2787.0,2898.525,111.525,27412.836,245.801,False
772,2255.255,3034.754,,,,,229.217,False
773,2369.684,909.592,4970.5,4106.663,-863.837,-209320.578,242.315,False
774,121.352,928.143,3816.5,3740.604,-75.895,-22663.562,298.615,False
775,3001.819,1726.147,8391.0,9397.161,1006.161,92570.375,92.004,False
776,186.645,1276.129,2250.0,4929.666,2679.666,492511.562,183.796,True
777,3049.877,1124.08,,,,,169.325,False
778,2890.914,2125.347,7641.0,8182.43,541.43,136115.0,251.399,False
779,492.128,1114.373,5063.5,3265.759,-1797.741,-347887.656,193.514,False
780,1890.378,2015.542,9225.5,11409.897,2184.398,349798.062,160.135,False
781,2714.99,845.478,4891.5,5642.147,750.647,152158.844,202.704,False
782,616.411,2253.563,4837.0,4977.845,140.845,9878.605,70.138,False
783,261.567,1835.519,4220.0,4729.228,509.228,72293.25,141.966,False
784,2450.941,713.896,2593.0,2642.48,49.481,8733.684,176.507,False
785,2662.159,1780.168,8091.0,9740.025,1649.025,295419.844,179.148,False
786,564.406,1243.773,4484.0,5195.133,711.133,127248.008,178.937,False
787,1029.981,2290.964,4034.0,7436.052,3402.052,477586.906,140.382,True
788,942.297,20.699,,,,,158.762,False
789,1871.719,250.787,3921.0,3965.016,44.016,6909.035,156.966,False
790,2732.522,2847.564,5731.0,7790.219,2059.219,538349.312,261.434,True
791,355.973,1346.353,9637.0,10279.811,642.81,183465.672,285.412,False
792,1168.065,2910.994,3083.0,5580.987,2497.988,315051.156,126.122,False
793,2166.771,1087.329,4435.0,4281.825,-153.175,-30838.729,201.33,False
794,1330.552,428.379,4561.0,4217.459,-343.541,-107957.258,314.249,False
795,849.597,2548.595,4266.5,5267.36,1000.86,164289.953,164.149,False
796,2691.592,703.4,3351.0,4879.873,1528.872,311199.875,203.549,False
797,493.593,756.592,4419.0,5232.287,813.287,87625.523,107.742,False
798,2442.728,2868.338,6913.0,7378.714,465.714,78807.656,169.219,False
799,1075.763,1191.992,3146.0,3528.014,382.014,76225.109,199.535,False
800,1078.275,3015.678,3123.0,3940.869,817.869,126736.125,154.959,False
801,915.815,437.171,8983.0,9665.924,682.923,143841.281,210.626,False
802,744.74,3069.335,,,,,56.406,False
803,1289.523,3059.834,,,,,132.565,False
804,1422.459,2678.731,3706.0,4117.558,411.558,53862.754,130.875,False
805,1544.573,939.765,8638.0,10062.176,1424.176,219635.75,154.22,False
806,2854.071,164.998,3006.0,2680.063,-325.937,-55223.582,169.43,False
807,563.007,1182.39,5080.0,4304.159,-775.841,-174557.703,224.991,False
808,2338.427,1945.969,9245.5,9876.646,631.147,152402.797,241.47,False
809,881.447,1958.747,5829.0,6689.647,860.647,155728.766,180.944,False
810,2429.812,568.445,2771.0,4683.176,1912.176,519701.625,271.786,True
811,1041.992,44.584,6764.0,7036.031,272.031,43676.555,160.557,False
812,2506.159,2898.006,5383.0,6966.565,1583.565,295569.0,186.648,False
813,2056.136,2663.744,8434.5,11340.982,2906.481,481393.375,165.628,True
814,2344.722,1545.109,4982.5,3974.712,-1007.788,-136152.656,135.101,False
815,865.426,2045.34,6412.0,8046.858,1634.858,359712.812,220.027,False
816,495.138,1729.434,3243.0,2989.344,-253.655,-38180.844,150.522,False
817,405.035,1878.167,4334.5,6288.365,1953.865,377893.562,193.408,False
818,2018.165,864.592,2695.0,3727.801,1032.801,241208.0,233.548,False
819,817.885,1505.58,4095.5,3910.474,-185.026,-33772.492,182.528,False
820,1402.323,1295.376,5601.0,5613.258,12.259,2815.034,229.639,False
821,3057.135,2210.108,,,,,120.418,False
822,2846.248,2598.753,5018.5,4821.054,-197.446,-38750.719,196.26,False
823,3063.275,2478.47,,,,,104.679,False
824,1186.347,2203.847,4716.0,7181.736,2465.736,652961.125,264.814,True
825,626.388,3070.459,,,,,54.505,False
826,978.514,969.351,4160.5,4698.366,537.866,85335.578,158.656,False
827,1247.192,1780.269,5521.0,3571.173,-1949.827,-425513.0,218.231,False
828,1337.632,1099.407,9646.0,8549.776,-1096.224,-107572.555,98.13,False
829,987.027,443.742,8529.5,9366.032,836.532,150304.938,179.676,False
830,1707.763,152.568,9765.0,16400.967,6635.966,915448.375,137.953,True
831,591.935,2325.891,5608.0,6198.85,590.85,121764.555,206.084,False
832,1636.753,221.667,8051.0,9883.335,1832.335,361356.312,197.211,False
833,2854.016,918.919,2941.0,4454.544,1513.545,247806.906,163.726,False
834,70.211,1680.662,5701.0,7574.011,1873.011,272235.812,145.347,False
835,973.231,2597.515,5054.0,5772.233,718.233,163113.766,227.104,False
836,1320.583,1485.373,7115.0,4912.406,-2202.594,-499287.5,226.682,False
837,1913.189,151.749,3079.5,3930.387,850.887,253458.938,297.876,False
838,3053.423,2814.02,,,,,134.467,False
839,2634.192,1212.329,3666.0,7951.394,4285.394,847389.562,197.739,True
840,2388.173,2762.718,11840.5,17015.262,5174.762,619308.125,119.679,True
841,271.185,1289.7,3254.5,2129.949,-1124.551,-174734.359,155.381,False
842,2335.1,832.486,2804.0,5081.146,2277.145,321113.469,141.016,False
843,74.301,241.406,1730.5,1881.207,150.707,19007.451,126.122,False
844,310.748,2304.427,7408.0,7403.78,-4.22,-435.512,103.2,False
845,2651.646,729.729,3226.5,4357.551,1131.052,206448.922,182.528,False
846,581.918,202.851,3044.0,4513.468,1469.468,256267.641,174.395,False
847,435.748,1306.829,11009.0,9330.647,-1678.352,-287909.25,171.543,False
848,2247.416,2517.162,9122.5,16310.313,7187.814,1501791.5,208.936,True
849,493.115,1651.713,2468.5,2256.441,-212.059,-35257.223,166.261,False
850,1067.666,2264.657,4006.0,4944.503,938.503,180423.734,192.246,False
851,2930.517,536.205,2482.0,3147.773,665.773,139596.031,209.675,False
852,1228.117,2183.104,4857.5,6064.049,1206.549,283315.875,234.815,False
853,2836.208,1403.787,4078.0,3004.476,-1073.524,-164424.422,153.163,False
854,870.63,1189.796,1952.0,2275.586,323.586,82408.68,254.673,False
855,1539.779,2940.996,7099.0,9557.452,2458.453,665055.5,270.518,True
856,2549.998,2633.324,9337.0,9362.926,25.926,4411.734,170.17,False
857,206.399,198.112,4776.0,3565.748,-1210.252,-247623.531,204.605,False
858,3067.722,1290.57,,,,,59.998,False
859,1663.379,1710.544,8824.0,8811.071,-12.929,-2292.906,177.352,False
860,1684.799,1137.175,3227.0,3113.945,-113.056,-24087.082,213.055,False
861,407.622,1518.499,3792.0,3897.158,105.158,16061.857,152.741,False
862,500.103,1065.493,3046.0,3122.022,76.022,11049.512,145.347,False
863,2060.989,2479.507,13984.0,17013.975,3029.975,534813.125,176.507,True
864,2958.262,787.404,3890.5,3268.31,-622.19,-103709.039,166.684,False
865,130.031,3021.248,18787.0,26014.969,7227.968,1543011.125,213.478,True
866,957.593,1183.849,2607.0,2046.276,-560.724,-68409.664,122.002,False
867,437.547,2153.997,6995.0,7574.822,579.822,120043.102,207.034,False
868,1003.419,1362.192,2272.0,2635.812,363.812,66367.523,182.423,False
869,418.526,136.675,2988.5,3648.665,660.165,118337.023,179.254,False
870,1295.39,2240.544,5428.5,8957.837,3529.337,764992.188,216.752,True
871,797.89,322.08,5564.0,4755.791,-808.21,-201134.156,248.864,False
872,419.137,1697.593,3343.0,6713.933,3370.933,528409.312,156.755,True
873,948.201,1966.084,7020.5,7075.606,55.107,13760.606,249.709,False
874,1389.967,1488.648,5654.0,7652.341,1998.341,441166.281,220.766,False
875,385.484,1258.74,5920.5,5447.86,-472.64,-85770.875,181.472,False
876,1774.064,3022.124,7135.0,10379.418,3244.418,687470.688,211.893,True
877,2151.881,380.538,2916.0,3634.464,718.464,107613.75,149.783,False
878,75.26,673.309,2946.5,1918.942,-1027.558,-184193.719,179.254,False
879,592.219,2559.3,4250.0,5781.802,1531.802,152095.734,99.292,False
880,549.685,519.586,4963.5,7253.262,2289.762,438263.25,191.401,False
881,1620.433,2516.429,6146.0,5169.291,-976.709,-235329.906,240.942,False
882,770.447,830.011,4560.0,4799.343,239.343,39667.055,165.733,False
883,154.923,2433.717,6666.0,5152.482,-1513.518,-533495.0,352.487,False
884,406.18,1407.961,6541.5,5914.282,-627.218,-122766.711,195.732,False
885,66.252,203.139,1817.0,1625.81,-191.19,-40875.355,213.795,False
886,1953.823,2758.662,7884.0,9202.422,1318.422,282846.406,214.534,False
887,2543.532,2534.031,13695.0,21119.609,7424.609,1125413.125,151.579,True
888,1086.154,1350.54,2588.0,6444.104,3856.104,592649.875,153.691,True
889,1664.268,350.851,5953.0,3871.552,-2081.448,-425434.719,204.394,False
890,840.059,897.331,2723.0,2512.903,-210.097,-24944.373,118.728,False
891,325.364,505.117,6111.0,6259.015,148.015,30784.963,207.985,False
892,672.65,386.923,5375.5,5270.353,-105.147,-21402.553,203.549,False
893,625.118,604.633,8915.5,12814.333,3898.833,912209.938,233.97,True
894,2471.022,593.755,2820.0,1912.938,-907.062,-137395.547,151.473,False
895,1016.55,754.656,4454.0,4609.496,155.495,21516.686,138.375,False
896,85.74,1893.262,4479.0,4544.962,65.962,11482.488,174.078,False
897,99.832,2191.932,4704.0,4621.103,-82.898,-13090.913,157.917,False
898,2360.799,2369.675,11442.0,15707.212,4265.211,1006491.75,235.977,True
899,1595.627,967.855,4983.0,8320.205,3337.205,520302.219,155.91,True
900,1320.381,3071.072,,,,,23.555,False
901,2049.573,2376.527,15774.0,16441.512,667.511,120641.07,180.733,False
902,2368.727,1132.857,2777.0,2241.038,-535.962,-113566.836,211.893,False
903,3065.642,956.734,,,,,83.764,False
904,473.786,2733.628,5100.5,8320.187,3219.686,244868.281,76.053,False
905,2111.735,1437.314,6033.5,9171.257,3137.756,763307.688,243.265,True
906,1689.369,1058.086,4146.0,4168.965,22.966,5203.43,226.576,False
907,434.748,900.707,2209.5,2087.726,-121.774,-21172.439,173.867,False
908,1804.098,626.423,2297.0,2181.791,-115.209,-31896.188,276.856,False
909,1150.202,3046.385,,,,,179.782,False
910,1867.654,2268.925,15113.0,22948.139,7835.138,1772770.875,226.259,True
911,422.108,2965.249,8038.0,10546.834,2508.834,161654.703,64.434,False
912,2043.383,2751.36,6927.0,8326.651,1399.652,412191.719,294.496,False
913,425.23,1154.259,5250.0,5918.972,668.972,63950.398,95.595,False
914,623.812,2833.607,2872.5,2940.216,67.716,15435.79,227.949,False
915,964.433,3042.572,,,,,198.901,False
916,525.486,1634.037,3534.5,3400.907,-133.593,-26797.596,200.591,False
917,2748.296,2036.38,9462.0,15263.152,5801.152,1139148.0,196.366,True
918,752.613,917.465,2048.0,4516.674,2468.674,493368.438,199.852,True
919,2417.844,2026.67,8136.5,9375.666,1239.166,316237.281,255.202,False
920,3058.39,1410.183,,,,,167.74,False
921,27.192,194.467,,,,,94.75,False
922,481.04,881.502,2505.0,4698.206,2193.206,483027.594,220.238,True
923,72.489,2521.385,4628.5,3681.137,-947.363,-179124.812,189.077,False
924,2865.758,2704.959,3510.5,4889.722,1379.222,240383.453,174.289,False
925,2248.932,1971.514,9307.0,9049.875,-257.125,-52473.297,204.077,False
926,124.697,1670.423,8056.0,10584.146,2528.146,228592.734,90.419,False
927,1929.766,523.429,2355.0,3461.26,1106.26,261752.984,236.611,False
928,2938.829,2024.045,10098.0,11139.346,1041.346,145086.234,139.326,False
929,2958.876,664.692,2506.0,4813.087,2307.087,317293.688,137.53,False
930,2331.177,2541.29,11472.0,12896.602,1424.601,471455.0,330.938,True
931,1372.625,2782.512,6269.0,7174.828,905.828,152135.125,167.951,False
932,1316.295,1182.014,4508.0,2903.917,-1604.082,-302109.594,188.338,False
933,1981.945,395.681,2168.0,1744.17,-423.83,-94015.07,221.823,False
934,2736.331,2395.995,3292.5,4719.384,1426.884,252458.469,176.93,False
935,1343.554,2315.686,5773.0,8311.396,2538.397,542159.562,213.583,True
936,3068.25,2422.352,,,,,56.089,False
937,855.414,730.543,5108.0,6236.026,1128.026,158354.609,140.382,False
938,2441.096,3032.302,,,,,285.2,False
939,2280.477,1017.788,2802.5,3000.767,198.267,35602.949,179.571,False
940,1670.799,251.201,7770.5,7063.406,-707.094,-144824.328,204.816,False
941,1220.469,1396.884,4576.0,5090.947,514.947,134026.172,260.272,False
942,2150.468,1830.611,9687.0,12380.533,2693.533,544566.25,202.175,True
943,637.267,64.552,2600.0,2301.383,-298.617,-29460.998,98.658,False
944,2906.786,123.282,2128.0,4516.567,2388.567,234642.578,98.236,False
945,2077.197,850.835,2407.0,2080.868,-326.132,-62835.371,192.669,False
946,1070.522,1814.074,5802.0,5707.25,-94.749,-14291.925,150.839,False
947,142.745,1027.046,2304.0,1991.547,-312.453,-78352.391,250.765,False
948,1389.565,2743.304,5385.0,5174.467,-210.533,-32312.582,153.48,False
949,858.408,1386.203,2616.5,2830.917,214.417,24936.398,116.298,False
950,2063.26,380.419,2115.0,1977.953,-137.047,-27244.357,198.795,False
951,778.71,1301.305,2459.0,3536.365,1077.365,238187.297,221.083,False
952,2561.793,701.079,3029.0,4445.666,1416.666,253493.797,178.937,False
953,1329.529,2356.154,4284.0,7738.858,3454.858,507990.969,147.037,True
954,1213.103,1348.169,3730.0,3349.151,-380.849,-69475.469,182.423,False
955,1535.673,1217.213,3660.0,3715.496,55.496,11167.078,201.225,False
956,137.033,1489.646,2632.0,2450.687,-181.313,-22043.99,121.58,False
957,138.885,1838.687,5134.0,3989.493,-1144.506,-175900.781,153.691,False
958,857.932,1472.337,5832.5,6354.991,522.491,97632.203,186.859,False
959,2407.139,2674.875,8787.0,13914.203,5127.202,812378.062,158.445,True
960,1825.103,1410.059,5431.5,8698.893,3267.393,706489.5,216.224,True
961,1308.14,2101.844,5491.0,7059.14,1568.139,331450.188,211.365,False
962,1125.109,1774.742,5807.0,6289.828,482.828,77827.617,161.191,False
963,271.23,209.696,2819.0,3615.645,796.645,186138.625,233.653,False
964,2695.211,2248.603,7733.0,7429.206,-303.794,-48230.781,158.762,False
965,665.951,1849.85,5608.0,8960.483,3352.483,991188.0,295.658,True
966,1815.645,247.571,3484.0,3788.965,304.965,55439.277,181.789,False
967,448.3,1194.14,5903.0,5591.133,-311.867,-71056.961,227.844,False
968,1285.198,1808.758,3965.0,4043.632,78.632,23422.459,297.876,False
969,696.208,754.715,5500.0,5744.855,244.855,53124.609,216.964,False
970,2836.538,2223.159,7125.0,7397.56,272.56,40565.754,148.832,False
971,1301.282,1316.433,4815.0,3242.479,-1572.521,-322908.312,205.344,False
972,432.883,1100.548,5275.5,4187.024,-1088.476,-186260.312,171.12,False
973,1136.2,1881.52,7680.0,7378.792,-301.207,-131751.953,437.413,False
974,1996.351,672.479,2623.0,2348.939,-274.061,-59084.984,215.59,False
975,341.847,1181.98,3857.5,6264.035,2406.535,694225.375,288.475,True
976,977.123,862.456,4520.0,8111.849,3591.849,590356.25,164.36,True
977,607.55,413.83,5635.0,5613.16,-21.84,-3534.268,161.825,False
978,1473.478,2675.274,4455.0,5360.79,905.79,199298.203,220.027,False
979,1002.875,333.818,4609.0,3693.658,-915.342,-262893.062,287.207,False
980,2334.834,758.624,2582.0,2935.335,353.335,76212.961,215.696,False
981,552.009,705.577,6515.0,5266.821,-1248.179,-102970.898,82.497,False
982,2422.892,1529.197,4989.0,8143.434,3154.434,614758.125,194.887,True
983,1750.328,498.529,2805.5,4180.346,1374.846,261404.406,190.134,False
984,16.402,284.922,,,,,124.854,False
985,689.786,1121.546,2122.0,1912.786,-209.214,-28972.039,138.481,False
986,2201.284,1252.757,5530.0,3241.156,-2288.844,-358786.969,156.755,False
987,1308.635,2198.845,5449.0,9111.132,3662.131,574056.062,156.755,True
988,2640.697,1820.791,8803.0,12943.479,4140.479,613613.25,148.199,True
989,2795.082,1005.711,4117.5,4261.007,143.507,18933.141,131.932,False
990,74.127,1312.009,2092.0,2840.88,748.88,161293.234,215.379,False
991,2582.835,1905.872,7478.0,7792.991,314.991,89968.711,285.623,False
992,393.966,2362.852,10852.0,10178.875,-673.125,-66338.266,98.553,False
993,1745.562,617.747,2881.0,5296.696,2415.697,775970.625,321.22,True
994,1960.614,2607.209,11044.0,15759.287,4715.288,564816.938,119.784,True
995,1275.633,2996.297,4490.0,5986.265,1496.265,191556.812,128.023,False
996,270.712,2657.668,6273.0,4264.975,-2008.025,-389004.812,193.725,False
997,1677.682,307.529,5217.0,4750.848,-466.152,-92521.047,198.478,False
998,2183.576,1283.221,5683.0,3963.253,-1719.747,-329343.281,191.507,False
999,698.622,1364.107,2315.0,1713.197,-601.803,-127645.281,212.105,False
1000,1028.119,433.148,7102.5,8044.842,942.342,179270.531,190.239,False
1001,1194.802,2248.757,4872.0,7174.597,2302.597,313757.5,136.262,False
1002,910.694,2071.706,6389.0,7559.128,1170.129,212345.594,181.472,False
1003,1074.612,570.866,5019.0,4288.573,-730.427,-139418.891,190.873,False
1004,1745.728,2998.054,4357.0,5297.465,940.465,71128.258,75.631,False
1005,883.321,2903.508,2636.0,2969.783,333.783,50770.758,152.107,False
1006,1953.284,2052.064,8642.0,10317.699,1675.699,560570.875,334.53,True
1007,655.826,776.542,5584.0,5217.704,-366.297,-96033.133,262.173,False
1008,3068.261,3069.014,,,,,21.865,False
1009,2002.799,95.675,2626.5,2505.897,-120.603,-19351.012,160.452,False
1010,979.782,305.199,6564.5,7480.68,916.18,148067.219,161.614,False
1011,2567.506,2914.346,4682.0,6034.54,1352.54,90721.531,67.075,False
1012,2959.459,221.445,2281.0,1815.801,-465.199,-109481.391,235.343,False
1013,238.295,1726.429,2835.5,2668.043,-167.457,-21279.178,127.073,False
1014,896.223,2566.665,5258.5,6433.134,1174.634,161671.547,137.636,False
1015,1800.45,333.512,2847.0,2709.924,-137.076,-35416.301,258.371,False
1016,2841.247,209.078,3013.5,2505.722,-507.778,-84960.172,167.318,False
1017,1716.249,1647.553,8475.0,9868.883,1393.882,314936.75,225.942,False
1018,63.224,2248.7,4850.0,5055.979,205.98,38532.699,187.07,False
1019,324.418,2087.002,5916.0,7886.278,1970.278,414158.969,210.203,False
1020,406.094,877.627,2607.0,2258.161,-348.839,-45396.523,130.136,False
1021,3061.336,375.27,,,,,146.931,False
1022,1765.109,811.104,2320.0,2297.587,-22.413,-8686.361,387.556,False
1023,1289.854,842.691,10949.0,10174.511,-774.489,-146356.547,188.972,False
1024,2213.971,2624.968,9146.0,10021.519,875.518,182834.641,208.83,False
1025,2565.364,625.0,2947.0,4368.884,1421.885,316006.875,222.245,False
1026,1684.835,62.035,10209.0,12685.956,2476.956,247773.406,100.031,False
1027,121.995,1568.755,4709.0,3030.287,-1678.713,-151255.766,90.102,False
1028,145.274,1524.858,2665.0,2820.054,155.054,23142.646,149.255,False
1029,418.166,573.219,3914.0,6416.61,2502.61,711895.188,284.461,True
1030,588.098,1057.831,2413.0,2925.041,512.041,59819.957,116.827,False
1031,646.225,2166.352,3949.0,4766.824,817.824,195838.406,239.463,False
1032,662.436,931.649,3584.5,5814.947,2230.447,572512.062,256.68,True
1033,2774.77,871.523,4502.0,6460.584,1958.584,461973.875,235.871,True
1034,2803.2,1647.185,6857.5,7983.355,1125.855,191705.328,170.275,False
1035,58.24,2900.264,15768.0,18988.5,3220.5,280649.094,87.145,False
1036,2955.773,2808.468,2616.0,2537.855,-78.144,-13768.317,176.191,False
1037,1116.975,452.08,5851.0,8531.878,2680.878,366718.906,136.791,False
1038,2498.708,1686.047,6184.5,5925.346,-259.154,-64110.746,247.385,False
1039,2907.965,2264.264,7187.0,5440.067,-1746.933,-347466.625,198.901,False
1040,868.407,1437.942,4672.0,3847.262,-824.738,-132940.391,161.191,False
1041,2204.882,1950.292,7552.5,6391.905,-1160.595,-76007.938,65.49,False
1042,2390.77,3026.652,,,,,293.017,False
1043,415.325,781.275,4139.0,3823.51,-315.49,-39423.684,124.96,False
1044,1478.566,2965.732,6998.0,8895.926,1897.926,154768.688,81.546,False
1045,1015.049,96.873,8194.5,7287.557,-906.943,-235477.047,259.638,False
1046,2336.806,2405.678,14572.0,17441.92,2869.92,522932.188,182.211,True
1047,1948.325,1382.528,5763.0,8089.54,2326.54,505511.844,217.281,True
1048,2144.546,1653.423,8798.0,9623.92,825.92,187831.453,227.421,False
1049,2157.865,2196.149,10483.0,11513.52,1030.519,188316.5,182.74,False
1050,1920.311,2634.998,4592.0,9276.406,4684.406,1069290.75,228.266,True
1051,2893.521,827.135,3526.5,2651.64,-874.86,-113573.539,129.819,False
1052,960.002,1003.85,5380.0,4354.093,-1025.907,-182705.656,178.092,False
1053,2760.091,1761.586,7851.0,10332.486,2481.486,534984.688,215.59,True
1054,144.476,423.835,2637.0,4482.116,1845.116,431117.094,233.653,False
1055,715.796,928.322,3745.0,6500.853,2755.853,485555.188,176.191,True
1056,2859.102,715.796,2835.0,2366.83,-468.17,-92328.164,197.211,False
1057,1694.532,1239.871,3520.0,6865.526,3345.526,717022.875,214.323,True
1058,2307.572,1646.913,9316.0,9456.566,140.567,29443.781,209.464,False
1059,270.081,1875.75,6292.0,7936.314,1644.314,356582.688,216.858,False
1060,1422.983,81.533,6845.0,9397.101,2552.1,779079.938,305.27,True
1061,1972.203,2314.334,13716.0,17336.17,3620.171,789269.438,218.02,True
1062,1210.771,2034.436,18018.0,19052.561,1034.56,29068.584,28.098,False
1063,28.464,369.784,,,,,198.267,False
1064,1189.54,1452.291,4872.0,6252.062,1380.062,217059.969,157.283,False
1065,182.891,2556.12,5050.0,8112.749,3062.749,644123.5,210.309,True
1066,2659.241,3034.513,3626.0,4229.59,603.59,80971.484,134.15,False
1067,1055.716,1132.097,7063.5,4972.896,-2090.605,-405002.531,193.725,False
1068,2222.692,246.853,5071.0,9261.765,4190.765,1172189.25,279.708,True
1069,441.21,748.64,3827.0,5056.384,1229.384,206087.141,167.635,False
1070,748.828,1799.655,6138.5,5585.484,-553.016,-170863.766,308.967,False
1071,792.111,3071.257,,,,,26.724,False
1072,2674.946,909.461,6527.0,6896.516,369.516,39344.145,106.475,False
1073,2752.541,2244.047,6893.0,8263.84,1370.84,318997.812,232.702,False
1074,783.526,146.946,3456.0,5633.69,2177.69,458907.75,210.731,False
1075,835.798,193.864,4887.0,7085.465,2198.465,197854.344,89.997,False
1076,2687.782,2784.112,6592.0,7220.896,628.896,151394.234,240.73,False
1077,2618.847,2217.685,6185.0,6879.016,694.016,140019.703,201.753,False
1078,785.371,433.073,6489.5,5521.359,-968.14,-323155.719,333.79,False
1079,2304.62,455.594,3139.0,5106.669,1967.669,337539.406,171.543,False
1080,469.956,1864.019,4837.0,4576.876,-260.124,-39649.098,152.424,False
1081,493.87,723.348,4049.5,4940.15,890.65,144317.469,162.036,False
1082,324.614,2360.993,8108.0,7243.097,-864.903,-168467.078,194.781,False
1083,1736.553,2231.871,12518.0,13308.178,790.178,116435.633,147.354,False
1084,798.223,1221.926,1828.0,1733.756,-94.244,-9367.674,99.398,False
1085,2748.803,2706.849,6030.5,7629.655,1599.155,332769.375,208.091,False
1086,889.206,714.779,5315.0,6620.763,1305.763,193926.078,148.516,False
1087,2878.649,2961.39,1983.0,1944.115,-38.885,-6378.773,164.043,False
1088,349.216,974.416,1533.0,2701.942,1168.942,186324.016,159.395,False
1089,1707.068,1696.376,9507.0,11379.76,1872.76,192478.109,102.778,False
1090,1409.992,1170.62,5141.0,4840.564,-300.436,-73085.688,243.265,False
1091,2933.421,2448.808,7230.5,7439.868,209.368,16232.767,77.532,False
1092,2527.588,2336.602,10837.5,14739.694,3902.195,712673.188,182.634,True
1093,21.62,3032.471,,,,,165.522,False
1094,335.822,3021.873,8880.0,10931.315,2051.315,339971.031,165.733,False
1095,1331.706,1345.911,4295.0,3993.432,-301.568,-51254.012,169.958,False
1096,2510.198,520.716,3125.0,4771.497,1646.497,295314.75,179.359,False
1097,2966.936,1893.764,9446.0,13894.002,4448.002,947200.688,212.95,True
1098,2116.373,714.098,2682.5,2423.909,-258.591,-45861.77,177.352,False
1099,14.924,2573.225,,,,,144.818,False
1100,665.282,1170.758,2121.5,2225.954,104.454,8661.274,82.919,False
1101,658.065,1283.714,2876.0,3956.594,1080.594,160713.219,148.727,False
1102,53.134,475.103,2566.0,2136.452,-429.548,-108350.836,252.244,False
1103,1608.598,1465.978,5292.0,4429.081,-862.919,-299336.5,346.888,False
1104,2354.416,1434.257,7284.0,10147.253,2863.253,835957.688,291.961,True
1105,2252.656,783.653,3011.0,6187.879,3176.879,540943.875,170.275,True
1106,1061.138,798.799,3990.0,4992.843,1002.843,177644.734,177.141,False
1107,1410.265,148.024,5370.0,8148.624,2778.624,265328.969,95.489,False
1108,2144.077,2303.824,13133.0,12722.944,-410.056,-91176.164,222.351,False
1109,74.77,2296.291,6757.0,6068.766,-688.234,-155573.797,226.048,False
1110,1035.966,1159.056,3252.5,4008.271,755.771,78155.445,103.412,False
1111,1359.798,2008.689,7904.0,11258.326,3354.326,707216.375,210.837,True
1112,1191.648,1828.49,5905.0,6315.002,410.002,78821.383,192.246,False
1113,2168.986,803.474,2396.0,2203.805,-192.195,-30594.406,159.184,False
1114,1483.404,2589.697,5609.0,7835.088,2226.089,352947.125,158.55,False
1115,475.753,393.894,4006.0,3656.175,-349.825,-55427.977,158.445,False
1116,1221.215,3050.628,,,,,188.338,False
1117,1108.762,1419.634,4950.0,4256.75,-693.25,-114967.805,165.839,False
1118,217.226,2114.602,6329.0,6746.679,417.679,45442.895,108.799,False
1119,2693.978,1081.159,3894.0,3923.44,29.44,4453.142,151.262,False
1120,2186.983,2603.131,9582.0,9594.946,12.947,950.457,73.413,False
1121,2240.732,1760.009,9450.0,11841.757,2391.756,472943.531,197.739,True
1122,2445.777,1124.494,3547.0,4449.794,902.794,107949.758,119.573,False
1123,2676.217,1738.171,7863.5,8190.091,326.591,84381.422,258.371,False
1124,2551.573,1481.563,4646.5,5032.365,385.865,98432.562,255.096,False
1125,1412.535,2428.845,4843.0,5524.255,681.255,230274.672,338.015,False
1126,1505.245,1238.33,4350.0,7269.992,2919.992,297642.844,101.933,False
1127,1756.23,309.803,3124.5,3507.019,382.519,38950.781,101.827,False
1128,1132.236,417.132,5230.0,4864.34,-365.66,-67206.758,183.796,False
1129,971.828,2982.645,2101.0,2780.531,679.531,147218.266,216.647,False
1130,2727.377,315.048,3500.5,5991.544,2491.044,445476.562,178.831,False
1131,932.865,895.534,3639.0,4703.594,1064.594,195105.656,183.268,False
1132,1064.303,1690.007,5265.0,5131.703,-133.297,-25611.742,192.141,False
1133,1091.129,1036.54,7634.5,6780.576,-853.924,-214856.109,251.61,False
1134,337.863,354.466,3273.0,4231.085,958.085,291260.25,304.003,False
1135,16.055,2454.439,,,,,160.557,False
1136,2383.518,1629.234,9716.0,9591.693,-124.306,-16675.672,134.15,False
1137,2897.456,1865.33,9718.0,13189.128,3471.128,437785.594,126.122,False
1138,2697.64,1617.487,5923.0,6853.38,930.381,201662.203,216.752,False
1139,1834.237,2957.646,6080.0,7387.969,1307.969,233076.828,178.197,False
1140,203.065,471.658,3219.0,3702.666,483.666,59468.211,122.953,False
1141,1210.351,189.329,3839.0,5952.703,2113.703,343835.906,162.67,False
1142,1192.733,1120.233,5586.0,5344.479,-241.521,-48599.957,201.225,False
1143,2631.145,2358.414,7287.0,10706.044,3419.044,980530.375,286.785,True
1144,2779.771,2947.587,4048.0,4251.187,203.187,35735.199,175.874,False
1145,1708.083,1847.331,8546.0,7427.439,-1118.561,-531690.188,475.334,False
1146,1811.237,3061.075,,,,,136.051,False
1147,1120.337,24.868,,,,,194.993,False
1148,1627.376,2676.888,6159.0,7522.837,1363.838,482751.469,353.965,True
1149,2891.235,2524.643,4797.0,6550.376,1753.376,340043.281,193.936,False
1150,1696.667,2384.967,9794.0,14184.543,4390.542,1078734.125,245.695,True
1151,678.562,2681.728,3576.0,3642.083,66.083,10163.384,153.797,False
1152,2532.555,771.587,4328.5,6858.641,2530.141,463425.844,183.162,True
1153,2165.081,236.27,2557.0,4119.281,1562.281,363381.656,232.597,False
1154,557.41,1134.055,2189.0,1424.976,-764.024,-146477.281,191.718,False
1155,1039.093,1249.884,3163.0,3744.241,581.241,181978.922,313.087,False
1156,365.438,2989.032,8623.0,12075.164,3452.164,699766.0,202.704,True
1157,2503.072,2389.929,9988.0,9065.372,-922.628,-167041.297,181.049,False
1158,2029.882,723.388,2356.0,2382.449,26.449,2078.583,78.589,False
1159,52.872,2355.068,6960.0,5644.43,-1315.57,-249300.297,189.5,False
1160,2371.856,1552.289,5407.0,5703.729,296.728,19620.949,66.124,False
1161,819.056,756.101,5386.0,5654.115,268.115,64203.488,239.463,False
1162,959.141,547.894,8871.0,11198.661,2327.661,582221.188,250.131,True
1163,2683.115,2294.749,6862.0,7731.368,869.368,149317.562,171.754,False
1164,173.079,752.748,2426.5,1780.904,-645.596,-114838.93,177.881,False
1165,1545.304,2027.829,7304.0,7082.678,-221.322,-71467.125,322.91,False
1166,1481.992,1871.789,7841.5,7512.349,-329.152,-88937.133,270.201,False
1167,2955.496,1041.185,4505.0,3736.055,-768.945,-102910.156,133.833,False
1168,2765.5,498.004,2897.0,3051.694,154.694,23203.277,149.994,False
1169,328.305,3062.242,,,,,115.77,False
1170,976.18,685.729,5608.0,7800.676,2192.676,650597.875,296.714,True
1171,2045.36,2847.359,8751.0,11472.999,2721.999,313688.938,115.242,False
1172,1661.509,1976.029,7500.0,6119.042,-1380.958,-242728.219,175.768,False
1173,2581.517,875.162,5868.0,7808.288,1940.288,272586.5,140.488,False
1174,3059.67,2346.191,,,,,135.312,False
1175,2105.598,1972.593,9649.0,11227.736,1578.737,207785.031,131.615,False
1176,147.549,1884.054,4842.0,6051.864,1209.864,323200.5,267.138,False
1177,2964.462,1724.25,9096.0,11402.471,2306.471,364229.969,157.917,False
1178,425.935,2789.082,4742.0,6436.913,1694.912,216630.266,127.812,False
1179,1563.357,2972.121,6965.0,8141.657,1176.657,88370.219,75.103,False
1180,2879.729,1181.551,4413.0,5317.438,904.438,159448.938,176.296,False
1181,849.379,2286.218,4829.0,6035.782,1206.782,300069.469,248.653,False
1182,1279.667,2758.775,4687.5,8462.922,3775.422,713049.25,188.866,True
1183,1548.44,2890.779,7208.5,8513.803,1305.302,191100.062,146.403,False
1184,791.87,2066.663,5182.0,6881.626,1699.626,205922.25,121.157,False
1185,2108.931,2955.31,8502.5,9291.501,789.001,156933.0,198.901,False
1186,758.566,2124.498,4903.5,6398.376,1494.876,104532.102,69.927,False
1187,1451.834,1537.107,5755.0,7269.959,1514.959,357655.469,236.083,False
1188,338.015,1636.411,4322.0,3736.051,-585.949,-232967.812,397.591,False
1189,886.72,292.263,8622.0,8839.244,217.244,47615.91,219.182,False
1190,2278.199,1391.91,6496.0,8244.182,1748.182,300442.031,171.86,False
1191,2181.061,538.077,2826.0,3349.418,523.418,262786.688,502.058,False
1192,2002.912,3067.603,,,,,82.391,False
1193,2294.385,498.908,2966.0,3628.766,662.766,137635.438,207.668,False
1194,2666.281,287.614,2583.5,2706.897,123.397,13216.93,107.109,False
1195,2368.209,859.867,4238.0,4071.294,-166.706,-39162.676,234.921,False
1196,199.143,2004.111,6470.0,8433.767,1963.766,257630.891,131.192,False
1197,1563.266,440.818,4896.0,4268.941,-627.059,-177910.172,283.722,False
1198,1645.235,1225.498,3137.0,2946.309,-190.691,-15006.299,78.694,False
1199,1311.643,2724.861,4049.0,4945.114,896.114,70329.703,78.483,False
1200,564.976,2590.305,7024.5,7483.108,458.608,73293.727,159.818,False
1201,2161.92,2031.003,10058.0,14648.469,4590.468,857286.062,186.754,True
1202,466.103,3067.995,,,,,62.85,False
1203,2880.707,1680.372,8502.0,8092.03,-409.97,-70933.688,173.022,False
1204,820.07,2571.473,3950.0,5153.297,1203.297,117189.938,97.391,False
1205,2961.058,1659.603,8018.0,8894.272,876.273,169941.141,193.936,False
1206,3065.304,1903.577,,,,,96.546,False
1207,1295.24,882.603,8614.0,5872.503,-2741.497,-571638.438,208.513,False
1208,36.338,2500.045,4073.0,3884.543,-188.457,-9196.87,48.801,False
1209,1475.495,2518.318,5754.5,7691.729,1937.228,101700.641,52.498,False
1210,646.561,1318.535,3288.0,5769.338,2481.338,450031.375,181.366,False
1211,2718.657,991.513,4309.5,4841.476,531.976,79399.977,149.255,False
1212,663.701,547.898,6943.0,11559.772,4616.772,633969.438,137.319,True
1213,1486.776,1592.007,5742.0,6845.011,1103.011,259935.734,235.66,False
1214,2450.371,1681.863,7585.0,6780.035,-804.965,-100758.586,125.171,False
1215,364.287,1416.432,4576.5,6190.349,1613.849,191608.875,118.728,False
1216,2727.948,2976.227,4031.0,7077.255,3046.255,474296.844,155.698,True
1217,2466.7,1497.873,4691.0,7648.513,2957.513,299593.062,101.299,False
1218,2025.799,640.424,2711.0,2775.622,64.622,7290.147,112.813,False
1219,1457.358,297.485,5766.0,4398.89,-1367.11,-393655.156,287.947,False
1220,1632.417,1355.278,3688.0,3730.239,42.239,6424.828,152.107,False
1221,1711.792,260.826,4483.5,7462.391,2978.891,457200.5,153.48,False
1222,2746.786,1221.019,3487.0,4335.942,848.942,127336.523,149.994,False
1223,2611.885,2820.139,7539.5,9364.426,1824.926,491169.219,269.145,True
1224,842.424,591.187,8391.5,6936.321,-1455.179,-207662.547,142.706,False
1225,1590.554,1035.034,5379.5,5283.354,-96.146,-26009.281,270.518,False
1226,46.173,79.904,1342.0,1553.197,211.197,24383.373,115.453,False
1227,2212.034,337.24,3385.0,3938.588,553.588,102507.289,185.169,False
1228,958.79,737.681,4734.5,2950.292,-1784.208,-234828.062,131.615,False
1229,2415.388,2098.262,6616.0,9551.098,2935.097,535118.312,182.317,True
1230,1285.317,2348.941,4353.0,5739.249,1386.249,49493.059,35.703,False
1231,315.182,1527.369,3516.0,3901.942,385.942,105341.758,272.947,False
1232,1930.908,1874.274,6333.0,13241.539,6908.538,1436143.25,207.879,True
1233,353.147,2827.294,5501.0,9647.961,4146.961,451184.0,108.799,False
1234,2671.899,543.783,4015.0,4731.539,716.539,124657.859,173.972,False
1235,14.312,2912.026,,,,,110.383,False
1236,2000.906,1471.366,5684.5,9690.258,4005.758,717624.125,179.148,True
1237,2888.26,1029.788,4420.0,8989.629,4569.629,1043573.688,228.372,True
1238,390.774,1196.282,4294.0,4322.635,28.635,3720.387,129.925,False
1239,2870.405,2015.314,10859.5,12980.391,2120.891,298407.062,140.699,False
1240,1476.403,1745.732,5588.0,3977.308,-1610.692,-165543.359,102.778,False
1241,198.065,1121.477,2209.5,2928.829,719.329,201961.656,280.764,False
1242,485.396,1027.47,2684.0,2198.073,-485.927,-93828.32,193.091,False
1243,2125.118,1892.224,9977.0,12608.89,2631.89,1067821.0,405.724,True
1244,253.498,1751.27,3029.5,4040.586,1011.086,35564.66,35.175,False
1245,920.079,2226.311,4676.5,9006.536,4330.036,877713.812,202.704,True
1246,459.309,2768.113,4419.0,4810.167,391.167,56813.414,145.241,False
1247,1226.275,25.028,,,,,193.091,False
1248,1042.326,2967.164,3204.0,2691.805,-512.195,-81208.617,158.55,False
1249,537.525,2678.765,7847.0,8388.095,541.095,27206.119,50.28,False
1250,2685.003,958.884,5347.5,5976.747,629.247,82751.711,131.509,False
1251,13.312,2272.324,,,,,141.755,False
1252,2788.056,1726.166,7001.5,10568.832,3567.332,313888.219,87.99,False
1253,2145.711,662.702,2627.0,3133.651,506.651,75406.055,148.832,False
1254,100.804,1141.536,2355.0,1980.203,-374.797,-58592.75,156.332,False
1255,382.737,2272.073,4777.0,8136.54,3359.539,635567.688,189.183,True
1256,3039.138,2379.129,,,,,220.344,False
1257,2756.422,1598.844,6157.5,6692.122,534.622,87926.938,164.466,False
1258,190.503,2270.796,5985.0,10261.032,4276.032,70913.203,16.584,False
1259,1772.019,2763.431,6173.0,6857.121,684.121,124221.078,181.578,False
1260,2082.098,352.884,1870.5,1836.838,-33.662,-1383.17,41.09,False
1261,9.632,1719.119,,,,,94.116,False
1262,562.249,1383.183,4853.0,4704.553,-148.447,-11587.802,78.06,False
1263,1506.661,1070.65,8603.0,10336.139,1733.139,746197.938,430.547,True
1264,793.747,1265.412,1865.5,1843.983,-21.517,-3122.84,145.135,False
1265,1513.28,380.2,5218.0,5218.151,0.151,18.696,124.115,False
1266,2066.055,119.04,2318.5,1882.803,-435.697,-90940.609,208.725,False
1267,2976.044,3053.282,,,,,218.654,False
1268,1712.979,2775.351,6214.5,7042.275,827.776,110084.164,132.988,False
1269,1001.891,2965.453,3328.0,3394.433,66.433,6596.265,99.292,False
1270,1979.845,1815.445,7681.0,12062.033,4381.033,1033823.0,235.977,True
1271,2225.258,2677.34,7592.0,8925.015,1333.015,182625.484,137.002,False
1272,2852.95,3065.539,,,,,82.919,False
1273,2297.658,1345.949,5370.0,4570.692,-799.308,-218337.875,273.159,False
1274,108.91,1785.215,6862.0,10810.492,3948.492,565141.375,143.128,True
1275,53.545,1730.912,7601.5,7866.692,265.192,27956.197,105.419,False
1276,547.304,2103.415,4697.5,5319.754,622.254,44301.035,71.194,False
1277,1577.524,1354.464,3728.0,3357.79,-370.21,-84545.469,228.372,False
1278,1772.011,2412.196,11905.5,15316.167,3410.667,917242.562,268.934,True
1279,90.903,2040.806,5277.0,7403.917,2126.917,111209.602,52.287,False
1280,918.364,1153.627,2832.0,2324.51,-507.489,-134497.484,265.025,False
1281,666.751,1575.416,6212.0,7021.775,809.775,159183.281,196.577,False
1282,1153.318,518.283,7003.0,5337.846,-1665.154,-283534.594,170.275,False
1283,1101.319,784.916,4955.5,6795.996,1840.496,288506.281,156.755,False
1284,1213.849,535.506,2532.0,4802.009,2270.009,482678.375,212.633,True
1285,2252.229,2316.514,8437.0,10632.442,2195.443,256717.938,116.932,False
1286,2508.057,3013.59,4349.0,6970.445,2621.445,1035616.188,395.055,True
1287,440.116,1540.405,3290.0,4262.058,972.058,146624.625,150.839,False
1288,284.248,17.915,,,,,154.431,False
1289,1578.817,2090.996,8184.0,11383.994,3199.995,729436.062,227.949,True
1290,392.94,2715.89,3713.0,4688.914,975.914,220293.922,225.731,False
1291,164.765,1577.863,4684.5,7600.114,2915.614,549120.75,188.338,True
1292,2605.618,755.272,2928.0,3330.458,402.458,85788.414,213.161,False
1293,1028.249,1430.282,4010.0,4493.73,483.73,88703.266,183.373,False
1294,1333.546,1395.828,5355.0,5764.738,409.738,117723.156,287.313,False
1295,1396.053,774.256,4415.0,8125.909,3710.909,977604.75,263.441,True
1296,2878.527,2615.266,4568.0,4957.066,389.066,69207.383,177.881,False
1297,1204.248,1730.159,5492.0,7557.638,2065.638,668324.875,323.544,True
1298,584.844,1213.215,3672.0,6419.792,2747.792,222911.016,81.124,False
1299,1254.231,2848.088,5237.0,7139.786,1902.786,298069.469,156.649,False
1300,1184.044,2839.798,4785.0,5436.164,651.164,40787.895,62.638,False
1301,272.285,2564.384,4286.0,4639.118,353.118,28534.309,80.807,False
1302,1102.171,2227.579,4606.5,6795.7,2189.2,512900.969,234.287,True
1303,9.061,1376.139,,,,,55.35,False
1304,3011.682,585.966,2366.0,2085.739,-280.261,-28419.807,101.405,False
1305,792.96,866.936,2739.0,4155.265,1416.265,293365.156,207.14,False
1306,2487.625,1001.807,3785.0,5112.039,1327.039,312169.469,235.238,False
1307,2332.588,2779.344,10425.0,14659.842,4234.842,412434.125,97.391,False
1308,910.395,2492.144,4226.0,5049.503,823.503,243649.094,295.869,False
1309,1609.508,483.922,6188.0,5139.965,-1048.034,-35314.477,33.696,False
1310,2203.112,2003.014,9342.0,10910.121,1568.121,324489.5,206.929,False
1311,2753.648,235.077,3009.0,3188.619,179.619,31457.508,175.134,False
1312,429.663,2624.104,7132.0,5921.037,-1210.963,-51549.25,42.569,False
1313,85.091,1939.816,6379.0,9771.122,3392.122,788996.812,232.597,True
1314,21.294,840.276,,,,,168.057,False
1315,384.557,140.409,2621.5,2476.594,-144.906,-22270.725,153.691,False
1316,59.15,303.076,1515.0,3703.418,2188.418,645404.812,294.918,True
1317,940.473,3010.294,1846.5,1856.928,10.428,1047.584,100.454,False
1318,1488.69,1260.097,5981.0,6357.102,376.102,42230.375,112.284,False
1319,2002.744,2700.548,7331.0,11294.436,3963.435,355021.062,89.574,False
1320,2932.593,1605.526,6241.0,10967.571,4726.571,1234187.625,261.117,True
1321,1266.211,2434.311,4133.0,5593.51,1460.51,107682.828,73.73,False
1322,678.681,2353.951,6135.0,7504.353,1369.352,83315.195,60.843,False
1323,803.153,2248.935,6128.5,11704.274,5575.774,1349325.5,241.998,True
1324,2703.594,2901.288,6062.0,7207.634,1145.634,294303.875,256.892,False
1325,2313.786,3070.983,,,,,36.548,False
1326,2583.388,1144.582,3778.0,3679.152,-98.848,-10451.753,105.735,False
1327,1034.405,1473.008,4480.0,3154.582,-1325.418,-129223.391,97.496,False
1328,2535.61,1023.989,3973.5,5554.968,1581.468,213490.094,134.995,False
1329,2601.389,1738.524,7269.0,9393.586,2124.586,449512.5,211.577,False
1330,1104.136,1174.436,3476.0,2792.836,-683.164,-54987.816,80.49,False
1331,2764.649,379.668,3043.0,2506.193,-536.807,-124122.422,231.224,False
1332,3052.201,2878.036,,,,,167.846,False
1333,2644.352,2276.685,6578.0,8726.675,2148.675,364504.375,169.641,False
1334,2060.248,2928.111,9389.0,11594.371,2205.372,181237.406,82.18,False
1335,1425.916,2226.21,5978.0,8362.454,2384.454,236253.531,99.081,False
1336,1939.361,669.589,2357.0,4425.48,2068.48,345219.125,166.895,False
1337,2344.938,1514.869,4564.0,4749.084,185.084,12512.273,67.603,False
1338,3065.635,1211.893,,,,,102.672,False
1339,1405.316,2331.836,5352.0,6296.069,944.069,66215.312,70.138,False
1340,633.326,1265.854,3995.0,4554.07,559.071,46889.285,83.87,False
1341,1745.866,1521.473,6764.0,7460.65,696.65,152398.781,218.759,False
1342,106.925,15.248,,,,,145.452,False
1343,459.45,2528.793,6143.0,5587.896,-555.105,-84083.438,151.473,False
1344,2597.42,2154.637,6850.0,8522.546,1672.546,419239.656,250.66,False
1345,2437.698,1595.766,5293.0,6085.093,792.093,163655.859,206.612,False
1346,364.142,2768.681,4995.0,4954.538,-40.462,-9082.263,224.463,False
1347,1076.28,2586.321,4100.5,5052.811,952.311,141432.922,148.516,False
1348,2867.575,7.44,,,,,54.716,False
1349,293.269,2091.862,5826.0,5205.204,-620.797,-45115.336,72.673,False
1350,1114.812,750.111,4820.0,4886.066,66.066,3593.949,54.399,False
1351,1517.894,1816.739,7989.0,9312.8,1323.8,432782.344,326.924,False
1352,1194.323,38.278,3364.5,3902.228,537.728,59526.516,110.7,False
1353,53.602,1764.615,7133.5,6631.88,-501.62,-77253.625,154.008,False
1354,263.29,1050.037,2575.0,1795.423,-779.577,-145835.688,187.07,False
1355,888.93,538.697,7550.0,5241.295,-2308.705,-298738.438,129.397,False
1356,2275.152,2555.803,9156.0,16613.197,7457.196,1719553.875,230.59,True
1357,435.097,2670.952,5082.5,4822.136,-260.364,-40373.297,155.065,False
1358,323.813,683.796,2622.0,2200.56,-421.44,-92550.094,219.604,False
1359,1549.041,305.34,7767.0,7995.963,228.962,51804.766,226.259,False
1360,563.107,583.441,6911.0,8555.065,1644.066,325095.906,197.739,False
1361,2331.416,1905.77,9444.0,9304.659,-139.341,-10626.781,76.265,False
1362,1124.812,2910.815,3117.0,4430.405,1313.405,226276.375,172.282,False
1363,1599.007,1725.763,5597.5,6631.825,1034.325,242438.0,234.393,False
1364,613.208,214.165,2314.0,2407.323,93.324,5027.451,53.871,False
1365,2549.06,1841.938,7536.0,8554.037,1018.037,229910.047,225.837,False
1366,3042.071,2628.737,,,,,252.878,False
1367,8.467,236.922,,,,,98.553,False
1368,2549.53,936.993,7513.0,6416.586,-1096.414,-205222.344,187.176,False
1369,3005.013,2356.53,8146.0,7845.884,-300.116,-34047.129,113.446,False
1370,1225.159,1023.487,6816.5,6750.519,-65.981,-15361.004,232.808,False
1371,1755.389,2487.034,10542.5,11825.024,1282.524,347623.062,271.046,False
1372,2623.797,930.244,6106.5,6730.583,624.083,43442.426,69.61,False
1373,854.927,848.777,3252.0,2914.159,-337.841,-67589.344,200.063,False
1374,2327.646,563.584,2853.0,2950.435,97.435,29970.451,307.594,False
1375,774.082,1518.892,3843.5,4399.928,556.428,89338.633,160.557,False
1376,556.919,1620.603,4625.0,3886.948,-738.051,-139392.906,188.866,False
1377,2205.251,648.168,2348.0,3392.802,1044.802,177131.469,169.536,False
1378,432.286,1842.959,4816.0,5303.431,487.431,105857.758,217.175,False
1379,2752.169,951.169,4963.0,5672.895,709.895,100031.43,140.91,False
1380,1982.921,2782.896,7585.0,9738.686,2153.686,187454.562,87.039,False
1381,2991.695,2406.241,7230.0,12516.969,5286.969,1563692.125,295.763,True
1382,2674.265,1363.53,4534.0,4905.406,371.406,16438.006,44.259,False
1383,3012.678,1046.748,5019.5,5591.566,572.066,181221.188,316.784,False
1384,2595.121,2884.132,6437.0,6231.622,-205.378,-51762.094,252.033,False
1385,469.029,2702.781,6701.5,5952.375,-749.125,-46211.879,61.688,False
1386,1648.958,1300.525,2870.0,2652.216,-217.784,-10858.11,49.857,False
1387,943.418,2519.856,5920.0,6883.339,963.339,40194.148,41.724,False
1388,1803.716,2736.674,7158.5,6972.782,-185.718,-21873.346,117.777,False
1389,1896.755,195.432,3023.0,3602.929,579.929,82514.203,142.283,False
1390,1249.482,282.688,3370.0,3079.837,-290.163,-28626.945,98.658,False
1391,2401.768,428.681,2527.0,2220.474,-306.526,-20916.393,68.237,False
1392,937.891,1049.982,5444.0,5040.17,-403.83,-71236.32,176.402,False
1393,524.064,587.585,4955.0,8106.715,3151.715,230044.297,72.99,False
1394,2722.02,1926.219,8055.0,10378.877,2323.877,248907.25,107.109,False
1395,423.222,1576.201,3551.5,6933.669,3382.169,492658.656,145.664,True
1396,2069.715,1720.938,10567.0,10344.944,-222.056,-3377.619,15.211,False
1397,631.117,1194.036,2388.0,1822.893,-565.107,-42799.297,75.737,False
1398,1469.187,2083.679,6632.0,10241.334,3609.334,950083.188,263.229,True
1399,2501.899,901.238,6591.0,5756.962,-834.037,-169679.078,203.443,False
1400,973.104,1663.51,3378.0,3236.396,-141.604,-19340.184,136.579,False
1401,820.895,143.465,5330.0,6561.271,1231.27,120304.43,97.708,False
1402,1410.247,1091.943,10796.0,13021.69,2225.691,262370.812,117.883,False
1403,1249.176,442.322,3396.5,3166.15,-230.35,-57666.375,250.343,False
1404,2001.073,2607.964,10211.0,13817.253,3606.252,446447.344,123.798,False
1405,2117.719,95.097,2898.5,3868.422,969.922,121918.664,125.699,False
1406,2244.28,1704.79,7607.0,8986.518,1379.517,121674.664,88.201,False
1407,2532.433,2224.838,6525.5,8639.495,2113.995,360854.25,170.698,False
1408,8.667,1580.042,,,,,59.998,False
1409,1292.438,2175.261,4888.0,5719.778,831.778,58515.113,70.349,False
1410,48.01,1997.622,8304.0,8802.411,498.411,66440.625,133.305,False
1411,1078.208,1444.242,3863.0,3247.566,-615.434,-95562.023,155.276,False
1412,911.56,1074.889,3612.5,5087.146,1474.646,147822.531,100.243,False
1413,587.349,2047.005,7485.0,5930.863,-1554.137,-198801.641,127.918,False
1414,2879.431,186.954,2762.5,5555.967,2793.467,153438.172,54.928,False
1415,2868.638,2482.698,8127.5,8542.613,415.113,36481.789,87.884,False
1416,550.049,145.298,2403.0,2147.176,-255.824,-20429.121,79.856,False
1417,215.347,92.179,3493.0,3446.734,-46.266,-5815.555,125.699,False
1418,137.627,622.134,2741.0,2950.028,209.028,16758.381,80.173,False
1419,2787.368,11.929,,,,,117.038,False
1420,2709.677,1376.979,4183.5,4460.2,276.7,15636.856,56.512,False
1421,288.351,787.098,1921.0,1724.587,-196.413,-52365.66,266.61,False
1422,1815.834,8.263,,,,,69.188,False
1423,1182.733,522.924,3675.0,4171.91,496.91,22045.152,44.365,False
1424,1449.64,2269.864,6467.0,5951.907,-515.093,-63114.656,122.531,False
1425,95.233,138.003,2872.0,3572.43,700.43,203906.094,291.116,False
1426,887.786,2303.303,3821.0,8492.458,4671.458,496899.312,106.369,True
1427,2227.609,2141.223,9606.0,12295.005,2689.005,731400.688,271.997,True
1428,803.039,2964.726,1988.0,3426.898,1438.898,426485.531,296.397,False
1429,1977.112,1719.682,9322.0,10748.775,1426.776,295391.75,207.034,False
1430,60.398,1366.842,1886.5,1787.27,-99.23,-11582.256,116.721,False
1431,2377.157,1834.378,7799.0,8668.425,869.424,168337.469,193.619,False
1432,1590.288,1000.157,4968.5,6149.2,1180.7,119977.82,101.616,False
1433,1452.322,8.695,,,,,91.159,False
1434,1291.744,61.092,6295.0,5812.763,-482.237,-105646.711,219.076,False
1435,2578.9,901.469,6506.0,7330.498,824.498,47203.637,57.251,False
1436,2890.303,1602.323,5981.0,5500.938,-480.063,-34837.027,72.568,False
1437,2847.204,2259.08,7485.5,8450.853,965.353,123383.75,127.812,False
1438,1176.469,1014.609,5980.5,6278.556,298.056,22479.291,75.42,False
1439,1224.741,2889.583,2732.5,4465.719,1733.219,251551.375,145.135,False
1440,582.295,13.742,,,,,123.904,False
1441,3067.0,1871.713,,,,,37.604,False
1442,2489.024,2194.34,7576.0,11044.074,3468.074,890919.438,256.892,True
1443,1939.688,2401.245,12540.5,12574.679,34.179,2137.313,62.533,False
1444,9.334,929.485,,,,,99.926,False
1445,2006.029,2536.749,11999.0,11268.857,-730.143,-13496.849,18.485,False
1446,660.466,355.368,5741.0,6065.479,324.478,41917.816,129.185,False
1447,506.013,241.575,2542.0,2625.055,83.055,9080.149,109.327,False
1448,1596.973,537.83,3408.0,3220.174,-187.826,-49778.68,265.025,False
1449,1305.414,1076.688,8712.0,9750.966,1038.965,151997.812,146.297,False
1450,2958.577,753.078,2546.0,2367.032,-178.968,-8941.774,49.963,False
1451,729.1,2394.522,5094.0,6620.671,1526.671,40154.223,26.302,False
1452,3066.971,2969.088,,,,,61.371,False
1453,1288.598,803.78,10506.0,12180.764,1674.764,281809.656,168.268,False
1454,1273.267,1274.516,5053.0,8765.311,3712.311,433696.562,116.827,False
1455,2584.451,2765.493,8530.0,11016.759,2486.759,211454.078,85.032,False
1456,2411.451,2800.349,10890.0,10667.891,-222.109,-35473.555,159.712,False
1457,2229.086,377.956,2470.0,2276.877,-193.123,-11648.116,60.315,False
1458,2580.014,2310.434,8008.0,11557.255,3549.255,1462512.75,412.062,True
1459,1563.867,985.115,8334.5,8536.192,201.693,16362.058,81.124,False
1460,286.165,2285.827,5651.0,5489.75,-161.251,-8363.135,51.864,False
1461,2608.933,1521.854,4240.0,3817.009,-422.991,-35118.848,83.025,False
1462,1501.311,2517.986,6428.0,6155.969,-272.031,-28102.389,103.306,False
1463,686.541,2184.031,5806.0,6887.559,1081.559,90938.922,84.081,False
1464,1028.481,1394.74,2555.5,3519.988,964.488,130914.047,135.734,False
1465,1943.02,1191.411,6565.0,6941.533,376.533,63835.895,169.536,False
1466,67.634,1568.54,3803.0,2873.556,-929.444,-126255.617,135.84,False
1467,340.345,2313.142,11973.0,8096.164,-3876.837,-230553.859,59.47,False
1468,34.366,2295.12,6978.0,6287.832,-690.168,-32077.027,46.477,False
1469,2634.088,2018.899,8184.0,9671.491,1487.492,329959.312,221.823,False
1470,1191.953,2354.448,4139.0,6041.469,1902.469,38583.824,20.281,False
1471,433.533,1267.591,7441.0,9374.924,1933.923,160155.5,82.814,False
1472,1938.178,365.261,1954.5,2590.267,635.767,33242.176,52.287,False
1473,231.557,1087.859,3065.0,6459.413,3394.413,471494.812,138.903,True
1474,2272.7,2934.852,8107.0,7201.343,-905.657,-47162.547,52.075,False
1475,7.443,1949.694,,,,,64.857,False
1476,138.365,964.33,3849.0,2771.141,-1077.859,-119888.352,111.228,False
1477,684.481,57.86,3031.5,6468.877,3437.378,246174.703,71.617,False
1478,3069.581,242.665,,,,,49.118,False
1479,1284.976,2906.27,3092.0,3064.066,-27.934,-3101.186,111.017,False
1480,1610.892,899.821,4189.0,4672.818,483.818,151528.172,313.192,False
1481,573.65,2641.131,6006.0,6992.935,986.935,75059.805,76.053,False
1482,1068.119,756.01,5466.5,5630.826,164.326,15326.832,93.271,False
1483,80.963,1781.946,6049.0,9527.291,3478.291,411133.188,118.2,False
1484,1380.366,2227.075,6004.0,8129.083,2125.083,535814.938,252.138,True
1485,374.943,2851.721,5915.5,8781.469,2865.969,464087.781,161.931,True
1486,1610.865,945.596,4575.0,7050.215,2475.215,162887.391,65.807,False
1487,567.771,1100.228,1913.0,1915.628,2.628,359.775,136.896,False
1488,1288.714,691.738,3766.0,2670.318,-1095.682,-310637.312,283.51,False
1489,2385.103,2046.916,8190.0,7887.786,-302.214,-23559.039,77.955,False
1490,1904.155,1555.708,7544.0,9666.104,2122.104,654763.938,308.545,True
1491,2282.135,3056.986,,,,,29.788,False
1492,1126.618,1356.263,3244.0,2721.48,-522.52,-70151.188,134.255,False
1493,1377.894,2489.6,4910.0,9357.328,4447.329,819279.688,184.218,True
1494,2586.049,3064.048,,,,,126.016,False
1495,325.81,2613.989,4854.0,5907.33,1053.33,115602.32,109.749,False
1496,2889.702,1277.458,4247.0,4307.161,60.161,9652.98,160.452,False
1497,348.524,1452.934,4186.0,3609.06,-576.94,-131147.328,227.315,False
1498,702.361,16.059,,,,,212.21,False
1499,2914.507,718.052,3440.0,2557.641,-882.359,-50329.859,57.04,False
1500,10.288,2781.151,,,,,71.934,False
1501,84.009,1544.006,2601.0,2744.846,143.846,21256.943,147.776,False
1502,19.266,2337.782,,,,,145.558,False
1503,594.62,3064.844,,,,,20.281,False
1504,2786.915,2652.304,5381.0,6670.989,1289.989,76578.867,59.364,False
1505,298.895,1120.096,2186.0,2645.724,459.724,50454.395,109.749,False
1506,2477.238,2581.392,15017.5,15485.328,467.828,149979.375,320.586,False
1507,911.628,2922.718,2023.0,2886.167,863.167,14223.477,16.478,False
1508,570.721,1308.779,4833.0,4884.933,51.933,19243.639,370.549,False
1509,133.986,1988.082,6678.0,8780.938,2102.938,184814.562,87.884,False
1510,614.234,552.832,8581.0,14914.49,6333.49,502423.0,79.328,True
1511,1896.442,2397.414,11926.5,13565.365,1638.866,445766.188,271.997,False
1512,205.212,1401.066,1985.0,3639.416,1654.416,82309.914,49.752,False
1513,1832.062,2493.356,12112.0,18461.412,6349.413,572096.25,90.102,True
1514,1872.078,2485.339,13214.5,19520.225,6305.724,1494000.375,236.928,True
1515,1371.558,1751.821,5487.0,6442.485,955.485,110213.086,115.348,False
1516,2484.294,2504.63,14307.5,18548.4,4240.9,1249823.75,294.707,True
1517,2107.83,2303.575,10680.0,11704.356,1024.357,44579.477,43.519,False
1518,1671.162,1273.921,3679.0,4560.257,881.258,33976.777,38.555,False
1519,398.374,1575.836,4221.5,4964.705,743.204,38781.246,52.181,False
1520,1013.488,1117.59,6196.0,5465.99,-730.01,-60300.68,82.603,False
1521,45.597,2449.013,4294.0,6002.475,1708.475,57388.148,33.59,False
1522,2936.755,2981.102,1232.0,1517.25,285.25,27569.803,96.651,False
1523,2658.963,3070.926,,,,,31.266,False
1524,969.963,2941.473,2392.5,3063.685,671.185,17086.203,25.457,False
1525,1741.461,2386.671,12193.0,15495.715,3302.715,134661.953,40.773,False
1526,1851.845,1076.194,2767.0,3531.259,764.259,79921.203,104.574,False
1527,516.636,1238.783,7003.5,6992.995,-10.505,-1183.952,112.707,False
1528,2934.074,2137.299,6968.0,8600.856,1632.856,46741.613,28.626,False
1529,1547.804,1475.04,5462.0,6305.457,843.457,236366.875,280.236,False
1530,184.143,1245.917,3203.0,6089.339,2886.339,245736.031,85.138,False
1531,2323.463,1564.317,5727.0,5375.656,-351.344,-13694.482,38.977,False
1532,1011.093,2464.426,3604.0,4090.12,486.12,5545.67,11.408,False
1533,1841.792,1967.631,8477.5,9764.293,1286.793,131710.078,102.355,False
1534,469.871,2837.941,5242.0,7329.023,2087.023,315907.5,151.368,False
1535,15.207,1429.144,,,,,122.742,False
1536,1731.478,287.02,3855.0,5998.814,2143.814,272873.062,127.284,False
1537,6.181,2055.337,,,,,64.329,False
1538,1185.393,1043.693,7183.0,6667.816,-515.183,-34719.145,67.392,False
1539,2421.372,522.396,3119.5,6064.421,2944.921,183843.25,62.427,False
1540,867.225,1714.371,5348.0,6700.125,1352.125,150108.719,111.017,False
1541,2641.63,893.729,6590.0,7511.615,921.615,210568.062,228.477,False
1542,2035.791,1696.901,10824.5,14680.17,3855.67,1033253.5,267.983,True
1543,1907.911,1926.816,6099.5,7887.241,1787.74,29836.514,16.69,False
1544,6.592,461.476,,,,,71.511,False
1545,2519.531,600.498,3319.0,4858.019,1539.019,235558.484,153.058,False
1546,1024.191,2735.18,5861.0,5919.182,58.182,14239.638,244.744,False
1547,967.888,1408.565,2694.0,2987.466,293.466,31153.717,106.158,False
1548,2917.207,2475.407,6899.0,7358.437,459.436,76726.219,167.001,False
1549,602.549,1327.631,3001.0,3265.918,264.918,7499.505,28.309,False
1550,328.338,2807.468,5902.0,9518.662,3616.662,254048.141,70.244,False
1551,2812.437,1762.259,9830.0,14519.515,4689.514,1099187.125,234.393,True
1552,932.218,2391.212,2648.0,5349.776,2701.777,51084.477,18.908,False
1553,2620.514,2780.65,7185.0,8905.628,1720.628,168663.656,98.024,False
1554,2020.362,2818.046,8525.0,10773.533,2248.533,395932.625,176.085,False
1555,2544.258,557.731,3106.0,3076.807,-29.193,-3725.035,127.601,False
1556,2147.057,342.464,1988.0,2105.357,117.357,18854.922,160.663,False
1557,2408.998,725.74,3083.0,3955.499,872.499,47463.383,54.399,False
1558,490.061,2650.01,7493.5,6645.637,-847.863,-65826.328,77.638,False
1559,79.03,2856.23,15395.0,18563.166,3168.166,233922.281,73.835,False
1560,1146.506,2885.139,3731.0,6001.76,2270.76,231225.031,101.827,False
1561,2174.379,3062.918,,,,,161.508,False
1562,262.1,2920.878,10413.0,12449.218,2036.218,116576.227,57.251,False
1563,3056.875,1805.577,,,,,172.916,False
1564,2073.565,649.329,2724.0,3991.243,1267.243,159291.766,125.699,False
1565,321.162,2832.898,10311.0,11744.148,1433.149,89467.5,62.427,False
1566,20.552,2690.202,,,,,166.156,False
1567,90.039,1711.903,7628.0,6660.997,-967.003,-119815.367,123.904,False
1568,1071.379,2535.578,3125.0,2323.236,-801.764,-50221.27,62.638,False
1569,1250.846,974.438,7352.0,6744.739,-607.261,-83388.289,137.319,False
1570,739.638,1182.698,1889.0,1703.158,-185.842,-37631.57,202.492,False
1571,3008.395,1829.551,12311.5,13862.595,1551.095,273615.969,176.402,False
1572,1262.475,2611.051,3293.5,3637.954,344.454,73060.336,212.105,False
1573,1021.729,2450.633,3709.0,4546.804,837.803,20265.818,24.189,False
1574,2328.176,3013.437,7419.0,10952.562,3533.563,190357.281,53.871,False
1575,1146.576,1263.274,3668.0,4501.399,833.399,244464.25,293.334,False
1576,2131.933,583.756,3862.0,11640.345,7778.344,73946.25,9.507,False
1577,906.629,480.356,8058.0,8606.898,548.899,41861.621,76.265,False
1578,1264.145,2097.891,7177.0,4847.556,-2329.444,-146158.906,62.744,False
1579,2128.859,400.771,2991.0,3317.55,326.55,33286.172,101.933,False
1580,182.745,1976.74,6320.0,7217.995,897.995,71425.82,79.539,False
1581,119.851,2830.194,14636.5,18550.955,3914.454,72359.539,18.485,False
1582,371.386,2331.219,9641.5,9004.669,-636.832,-123370.227,193.725,False
1583,406.027,10.006,,,,,113.869,False
1584,1275.749,1692.919,4412.0,4792.392,380.392,13942.712,36.654,False
1585,1032.976,1768.362,4736.0,4696.634,-39.366,-11339.36,288.052,False
1586,2392.836,1864.106,7796.0,9436.771,1640.77,212136.656,129.291,False
1587,2490.591,625.62,3231.0,3132.125,-98.875,-3164.563,32.006,False
1588,2388.541,1913.677,7980.0,8590.783,610.783,46710.242,76.476,False
1589,1624.886,2093.987,9093.0,13772.971,4679.971,905144.688,193.408,True
1590,820.386,2046.414,5056.0,6886.635,1830.635,90690.375,49.54,False
1591,1643.495,301.05,9036.5,10743.479,1706.979,96825.297,56.723,False
1592,2095.848,2512.957,11111.0,11349.609,238.61,65531.148,274.638,False
1593,1305.388,1734.326,4390.0,5940.771,1550.771,305009.781,196.683,False
1594,1586.017,2934.894,7951.0,11760.949,3809.949,243881.172,64.012,False
1595,862.954,2978.351,1662.0,1502.84,-159.16,-9061.664,56.934,False
1596,11.995,1981.581,,,,,81.969,False
1597,2139.239,2980.879,8806.0,9711.3,905.3,28401.109,31.372,False
1598,3061.614,9.6,,,,,60.526,False
1599,2052.112,2250.423,11649.0,16921.102,5272.101,712263.625,135.101,True
1600,2540.93,898.717,5007.0,5388.898,381.898,15087.105,39.506,False
1601,1579.461,582.343,3047.0,3294.226,247.226,23006.807,93.06,False
1602,2231.273,1682.265,8222.5,9569.609,1347.109,120950.672,89.785,False
1603,2295.125,1729.168,10544.0,11429.663,885.664,153238.953,173.022,False
1604,331.402,2936.295,10594.5,15055.91,4461.41,57493.461,12.887,False
1605,202.038,236.262,2400.0,2304.1,-95.9,-7698.723,80.279,False
1606,2405.081,408.39,2883.0,2699.052,-183.948,-8180.184,44.47,False
1607,2328.397,508.491,2351.5,1980.147,-371.353,-28831.076,77.638,False
1608,2305.982,2012.083,9982.0,11209.031,1227.031,70638.031,57.568,False
1609,1883.791,1934.732,7593.0,7723.353,130.353,4213.362,32.323,False
1610,2796.598,768.447,2744.0,2355.999,-388.001,-42500.895,109.538,False
1611,240.591,836.773,2522.5,3157.021,634.521,39008.137,61.477,False
1612,1991.129,993.569,2778.0,4114.224,1336.224,16372.832,12.253,False
1613,2089.704,334.503,2136.5,2044.503,-91.997,-3148.508,34.224,False
1614,2468.072,3072.127,,,,,32.428,False
1615,1328.116,2221.616,5813.5,9374.924,3561.424,188848.672,53.026,False
1616,2717.709,2278.558,5935.0,6646.338,711.338,28702.895,40.351,False
1617,2767.583,2186.116,7081.5,8320.025,1238.525,78756.742,63.589,False
1618,554.345,2626.917,8595.5,7701.192,-894.308,-58096.344,64.962,False
1619,2223.926,1927.76,8946.0,9450.406,504.406,41878.312,83.025,False
1620,1778.84,2190.393,13380.0,17500.447,4120.447,201517.062,48.907,False
1621,2187.448,1906.339,10468.0,11749.765,1281.765,29921.756,23.344,False
1622,200.83,2595.064,6191.0,6718.423,527.423,17382.02,32.957,False
1623,778.265,2664.368,8248.0,10634.692,2386.692,29496.385,12.359,False
1624,732.539,1525.378,5344.5,6363.615,1019.115,32725.277,32.111,False
1625,90.051,496.408,3699.5,4995.609,1296.109,115002.555,88.729,False
1626,474.705,850.747,2896.0,4519.136,1623.136,132703.469,81.757,False
1627,1231.01,2931.496,3289.5,3322.834,33.335,1404.929,42.146,False
1628,89.478,809.486,2915.5,4159.464,1243.964,18133.152,14.577,False
1629,527.739,2633.283,9147.0,11423.638,2276.637,84889.711,37.287,False
1630,2469.772,688.832,2912.5,4093.306,1180.806,28936.969,24.506,False
1631,2946.382,1183.685,5180.0,5983.444,803.445,172790.609,215.062,False
1632,2101.224,2323.345,12423.0,10716.802,-1706.198,-83624.586,49.012,False
1633,233.291,2593.192,4479.0,5163.653,684.653,42957.953,62.744,False
1634,338.211,2868.859,9277.5,10159.867,882.367,84629.438,95.912,False
1635,247.583,8.74,,,,,58.836,False
1636,900.565,2116.199,6619.5,7389.621,770.121,26193.975,34.013,False
1637,2718.306,1508.052,4873.0,5163.492,290.492,19638.166,67.603,False
1638,1458.769,1250.213,5662.0,3501.047,-2160.953,-87880.516,40.667,False
1639,1457.155,470.595,3315.0,3460.573,145.573,34536.406,237.245,False
1640,849.056,3005.593,1880.0,2266.824,386.824,4412.896,11.408,False
1641,133.99,2541.827,5126.0,5905.561,779.561,8069.8,10.352,False
1642,2448.454,2160.418,8660.0,11814.263,3154.263,64637.73,20.492,False
1643,84.629,2802.376,11284.5,18544.1,7259.6,169469.453,23.344,False
1644,2055.918,292.075,2022.0,2226.082,204.082,3147.346,15.422,False
1645,94.474,2815.09,16441.5,25151.314,8709.814,143522.5,16.478,False
1646,343.834,2741.767,4013.0,6865.405,2852.405,260924.953,91.475,False
1647,2581.54,2465.44,8425.0,10704.528,2279.528,267994.969,117.566,False
1648,1990.691,2741.746,8287.0,8836.886,549.886,13707.897,24.929,False
1649,708.109,1569.094,5437.0,6625.316,1188.316,61129.027,51.442,False
1650,2794.578,504.267,2507.0,2395.172,-111.828,-1370.23,12.253,False
1651,2300.37,534.444,2672.5,2704.467,31.967,1468.835,45.949,False
1652,1966.826,683.553,3110.5,3696.947,586.447,40884.547,69.716,False
1653,348.457,2947.16,9512.5,9115.95,-396.549,-3392.882,8.556,False
1654,1553.667,2780.092,4629.0,6645.322,2016.322,18529.582,9.19,False
1655,1744.578,3071.402,,,,,10.774,False
1656,1516.206,1157.734,6096.5,6810.35,713.85,115820.336,162.247,False
1657,2131.541,300.523,2156.0,2722.514,566.514,19807.279,34.963,False
1658,1218.521,2281.134,5152.0,5572.296,420.296,39112.711,93.06,False
1659,3071.646,292.892,,,,,25.351,False
1660,1194.846,3068.015,,,,,56.406,False
1661,1178.611,1384.012,4095.5,3343.235,-752.265,-45372.598,60.315,False
1662,3071.241,666.707,,,,,28.098,False
1663,143.428,536.193,7203.5,8217.978,1014.478,28825.795,28.414,False
1664,1421.837,210.929,3624.0,6558.418,2934.418,30376.281,10.352,False
1665,2717.023,2228.309,8447.0,9619.55,1172.55,27248.371,23.239,False
1666,2891.389,2816.545,2768.0,3394.314,626.315,202772.688,323.755,False
1667,285.607,2550.542,5361.5,4391.695,-969.805,-31551.623,32.534,False
1668,266.671,40.44,2791.0,2376.187,-414.813,-20111.811,48.484,False
1669,1506.906,1850.58,8988.0,9330.622,342.622,27686.207,80.807,False
1670,2451.283,1515.769,4941.0,8291.355,3350.356,257637.344,76.899,False
1671,2201.589,1690.298,7924.5,7402.15,-522.35,-23118.615,44.259,False
1672,2782.448,1902.325,7617.0,8066.478,449.478,9638.086,21.443,False
1673,1725.881,397.927,3451.5,3113.761,-337.739,-3888.603,11.514,False
1674,874.333,2207.634,4456.0,4566.863,110.863,2143.018,19.33,False
1675,2501.085,133.245,5002.0,4540.42,-461.58,-32618.168,70.666,False
1676,2661.838,2244.324,6751.5,6435.16,-316.34,-14869.667,47.005,False
1677,132.318,2520.087,4800.0,5574.936,774.936,69250.477,89.363,False
1678,83.789,2921.214,5829.0,10615.729,4786.729,259383.719,54.188,False
1679,1550.884,1727.667,6419.0,6603.82,184.82,23973.637,129.713,False
1680,9.376,2312.586,,,,,42.146,False
1681,858.496,2080.211,6374.5,6151.87,-222.63,-2892.514,12.992,False
1682,1518.266,98.043,12636.0,14389.691,1753.692,17412.758,9.929,False
1683,996.463,2279.009,3602.0,4502.444,900.444,10272.288,11.408,False
1684,2237.998,902.607,2641.0,2390.211,-250.789,-12185.771,48.59,False
1685,821.367,445.311,4602.0,6398.158,1796.158,33581.828,18.696,False
1686,3054.138,495.613,,,,,36.02,False
1687,1790.169,562.143,2716.0,3488.777,772.777,43916.016,56.829,False
1688,634.124,1003.553,3149.5,4559.573,1410.073,53024.684,37.604,False
1689,681.002,3047.347,,,,,52.921,False
1690,2262.08,909.103,2383.0,2241.253,-141.747,-1302.627,9.19,False
1691,1140.417,2021.553,8438.0,9272.739,834.74,73801.117,88.412,False
1692,2751.49,1441.406,4427.0,4401.992,-25.008,-1378.891,55.139,False
1693,2839.327,1706.565,8943.5,9122.929,179.429,14423.275,80.384,False
1694,446.573,2919.351,4738.0,6241.882,1503.882,368702.0,245.167,False
1695,598.951,2767.834,3200.0,3243.204,43.204,2687.962,62.216,False
1696,1561.188,380.293,6317.5,7743.82,1426.32,38569.457,27.041,False
1697,1723.008,1101.352,3465.0,3155.922,-309.078,-11687.938,37.815,False
1698,1772.882,1531.505,6305.0,6401.255,96.255,6527.5,67.814,False
1699,2098.558,43.332,2461.0,2709.547,248.547,9556.435,38.449,False
1700,1704.389,202.527,7977.5,6621.54,-1355.96,-109857.273,81.018,False
1701,1577.985,315.244,10830.0,8850.5,-1979.5,-84055.875,42.463,False
1702,734.655,2672.764,5781.0,6213.055,432.055,5020.162,11.619,False
1703,603.752,906.061,3375.0,3813.884,438.883,52107.715,118.728,False
1704,1644.283,2815.49,5249.0,5570.697,321.697,6728.196,20.915,False
1705,2194.848,13.498,,,,,31.372,False
1706,1601.629,701.594,2323.0,1850.841,-472.159,-63938.57,135.417,False
1707,1424.444,2298.464,5619.0,7242.481,1623.481,78027.047,48.062,False
1708,276.779,2229.597,7072.0,7612.885,540.885,20396.693,37.71,False
1709,2749.055,2922.552,4754.0,5118.218,364.218,16735.459,45.949,False
1710,1195.708,2326.295,4424.0,4684.93,260.93,7469.295,28.626,False
1711,2619.456,1875.101,8383.0,8951.876,568.876,10155.25,17.851,False
1712,539.979,757.127,4460.5,4577.359,116.859,7566.739,64.751,False
1713,1453.404,386.64,3058.5,3114.105,55.605,669.587,12.042,False
1714,1993.37,2719.783,7393.0,8233.147,840.148,20411.271,24.295,False
1715,2862.67,957.267,3587.0,4163.441,576.441,42805.211,74.258,False
1716,763.221,879.696,2593.0,3488.79,895.79,42390.723,47.322,False
1717,214.917,1346.137,1899.0,1814.491,-84.509,-3124.319,36.97,False
1718,2475.3,1265.773,4817.0,5057.838,240.838,12541.744,52.075,False
1719,1766.316,1441.927,5262.5,6052.779,790.279,149674.328,189.394,False
1720,2599.032,1232.579,3691.5,5230.833,1539.333,20487.535,13.309,False
1721,893.422,2657.77,12545.5,13303.286,757.786,12887.206,17.006,False
1722,2250.672,1002.326,2908.0,4143.829,1235.829,62528.832,50.597,False
1723,1452.165,2454.313,4158.0,5489.496,1331.496,16174.248,12.147,False
1724,213.612,1856.035,4838.5,6087.189,1248.689,45241.301,36.231,False
1725,1820.931,940.968,2328.0,2479.697,151.697,3493.178,23.027,False
1726,206.507,2699.359,10710.0,11945.296,1235.296,18528.736,14.999,False
1727,36.655,958.32,,,,,128.868,False
1728,286.047,334.009,3119.0,2997.34,-121.66,-1362.202,11.197,False
1729,1836.716,148.888,3712.0,4988.827,1276.827,104390.141,81.757,False
1730,1944.979,2242.597,10589.0,16257.611,5668.611,944865.812,166.684,True
1731,1932.49,419.26,2389.0,3312.808,923.808,10148.489,10.986,False
1732,681.325,1445.588,3082.0,3213.95,131.95,1115.028,8.45,False
1733,1353.245,685.343,3727.0,6042.902,2315.902,174664.594,75.42,False
1734,624.033,1341.007,2833.5,3129.453,295.953,28041.492,94.75,False
1735,225.731,2523.93,5050.0,6406.023,1356.023,24493.439,18.063,False
1736,2682.105,1890.83,8477.5,9659.819,1182.32,168224.391,142.283,False
1737,831.126,2609.549,9129.0,7632.983,-1496.017,-82962.602,55.456,False
1738,1777.768,2724.062,6512.0,6246.112,-265.888,-21822.59,82.074,False
1739,1232.105,2752.535,3730.0,3854.047,124.047,1126.859,9.084,False
1740,309.181,1634.428,3833.5,4133.093,299.593,19367.332,64.645,False
1741,1273.081,2164.196,4523.5,4678.455,154.955,3846.457,24.823,False
1742,129.103,875.996,2973.0,2138.525,-834.475,-72014.812,86.3,False
1743,1789.423,1295.36,3273.0,5534.317,2261.317,88140.258,38.977,False
1744,751.88,2725.933,3865.5,3671.453,-194.047,-1537.283,7.922,False
1745,2125.798,2054.452,10454.0,11703.733,1249.733,73265.047,58.625,False
1746,2777.344,1581.714,7478.5,7713.029,234.529,13526.214,57.674,False
1747,1525.583,2451.711,4503.0,5215.526,712.527,45308.957,63.589,False
1748,244.217,892.221,3236.0,2893.236,-342.764,-9667.029,28.203,False
1749,2204.109,2273.693,9655.0,9902.198,247.198,2637.26,10.669,False
1750,2358.245,2783.016,9555.5,15443.048,5887.548,390553.531,66.336,False
1751,915.453,2281.249,4174.5,5101.199,926.699,65290.684,70.455,False
1752,733.175,2443.223,4609.0,3925.0,-684.0,-26877.293,39.294,False
1753,25.305,21.018,,,,,81.124,False
1754,1523.051,1894.752,8040.5,6817.415,-1223.085,-76612.195,62.638,False
1755,163.633,2277.222,5367.0,8229.06,2862.06,289319.094,101.088,False
1756,2607.88,128.194,3796.0,4058.725,262.725,28084.643,106.897,False
1757,1254.252,7.732,,,,,13.415,False
1758,2031.331,503.917,2215.0,2673.848,458.848,7027.868,15.316,False
1759,1875.758,2650.201,6224.0,6373.89,149.89,4179.877,27.886,False
1760,697.591,2742.525,4215.0,5606.646,1391.646,78056.625,56.089,False
1761,2154.788,2620.929,8614.0,10553.306,1939.305,46295.75,23.872,False
